"time","nuts","region","bovine","cows","swine","sheep","goats","cereals_grain","tot.precipitation","months.of.droughts","total.extreme.precipitation.mm","fire.weather.index","frost.days","heatdays","mean.wind.speed","temperature","deaths","fertility.rate","life.expectancy","Crude.rate.of.net.migration","Total.population.change","tot.population","GDP.in.millions","employment.rate","Pre.primary.education","Primary..lower.and.upper.secondary.education","First.and.second.stage.of.tertiary.education","NEETS..","number.of.tourists"
2000,"ITF1","Abruzzo",82.9,30.7,115.1,281.6,15.4,103.2,773.196783902391,2.99336305460939,134.645223605057,7.74158497062731,41.5825520304363,0.943093912552226,1.83197953743799,12.884243609535,12734,1.16,80.5,1.8,183,1261117,"24.106,84","56,3",35083,170134,43663,19.6,"6.280.671"
2001,"ITF1","Abruzzo",92.2,36.4,124.2,326,14,95.9,731.729667809301,4.93445245106931,70.6913587648623,9.89602513333759,41.8605172960854,0,1.97556470794229,12.593633283009,12428,1.17,81,NA,NA,1261300,"25.289,99","58,5",35098,168715,44595,16.4,"6.666.269"
2002,"ITF1","Abruzzo",92.5,35.3,123,303.3,14.9,96.4,1044.6153495962,2.4583758422121,262.061968956278,8.22341168571734,33.9006971710425,0,1.80459086947913,12.4151084526536,13275,1.1446,80.7,NA,5446,1262187,"25.809,1","59,2",34412,167779,49633,14.7,"6.856.015"
2003,"ITF1","Abruzzo",88.7,34,110.2,334.2,11.7,91.9,928.199712490922,3.63639246089435,237.176642506771,6.67284499663657,55.3011271864511,1.11738042972633,1.86247244792257,12.5644139774247,13672,1.18781,80.8,NA,11025,1267633,"26.245,23","58,0",34587,167265,53125,12.7,"7.115.155"
2004,"ITF1","Abruzzo",NA,NA,NA,NA,NA,89.7,1171.32468381425,0.272436882464765,255.802122990497,9.19023733989407,45.6828879003227,0,1.84671129113179,12.280067600543,13075,1.20263,81.2,NA,8499,1278658,"26.353,03","56,4",34806,165669,58114,15.7,"6.933.216"
2005,"ITF1","Abruzzo",NA,NA,NA,NA,NA,83.1,1154.13905998037,0,228.078835802222,8.05570021886763,65.0707913163971,0.730334508787908,1.86481099743016,11.5813675399598,13493,1.22116,81.4,NA,5842,1287157,"27.686,46","57,1",34551,163399,64296,15.8,"6.853.114"
2006,"ITF1","Abruzzo",NA,NA,NA,NA,NA,84.4,780.986020609647,1.39547700311118,101.537647340971,10.1289854054597,46.266102050991,0.0898437576368599,1.78570306397856,12.2505354494053,13223,1.22361,81.6,NA,3870,1292999,"28.986,61","57,6",34506,163894,71338,14.6,"7.449.579"
2007,"ITF1","Abruzzo",86,33,115.7,345.6,12,83.8,768.919794917638,7.81176846481446,96.2826119254046,6.14456507547323,44.5485038566402,5.67390370142238,1.86637256886336,12.4844911785668,13700,1.27046,81.7,NA,14438,1296869,"30.209,08","57,9",33987,162224,68103,13.9,"7.374.646"
2008,"ITF1","Abruzzo",83.45,31.28,NA,343.92,12.59,NA,1078.09298751449,0.880684246795481,304.820504590971,9.5386184841502,36.2504584942893,0.0909327154523203,1.82869280739851,12.7567609297716,13720,1.30855,81.9,NA,10580,1311307,"31.015,94","58,8",34202,161261,66855,15.8,"7.560.476"
2009,"ITF1","Abruzzo",82.69,31.93,114.86,334.95,12.58,NA,1206.72159606571,0,257.377743472889,8.24867396327182,41.2213592673187,0.242846773870558,1.89613424548215,12.6814979033567,14597,1.28765,81.3,NA,4128,1321887,"29.899,38","55,7",34398,159430,69162,18.5,"6.653.927"
2010,"ITF1","Abruzzo",75.72,28.91,116.61,335.95,12.89,82.18,1148.20828536515,0,199.949330199891,9.64060198860784,46.4438778179078,0.119791676849146,1.8627385976313,12.149419158054,14232,1.34129,82.1,NA,3205,1326015,"30.810,88","55,4",35572,157389,65084,18.6,"7.306.951"
2011,"ITF1","Abruzzo",77.65,29.86,117.25,336.17,12.6,81.93,764.868709278089,1.90822434922173,173.596248090912,9.52798631259882,43.9233054691237,1.23863267203506,1.81511914618049,12.5423146055897,14227,1.32389,82.4,NA,2404,1329220,"32.245,31","56,6",36410,156323,70969,17.7,"7.422.437"
2012,"ITF1","Abruzzo",64.8,36.17,101.53,216.2,20.38,92.96,918.995057333497,3.67163997048983,245.322420071983,9.97627869129238,49.0802656438755,2.66815880891494,1.92846465717442,13.1158503136033,14522,1.32691,82.6,3.2,959,1331624,"32.213,29","56,7",36139,155037,69863,19.9,"7.252.826"
2013,"ITF1","Abruzzo",73.84,30.19,101.17,181.17,23.39,NA,1113.84112303533,0.121243043527152,247.077376042805,7.72601594814523,45.6844262067047,2.1499873428789,1.83539773189181,12.548598752656,14415,1.29995,82.9,0.7,-2665,1332583,"31.695,39","55,0",36141,153426,63637,22.9,"6.938.239"
2014,"ITF1","Abruzzo",58.53,22.5,93.41,184.96,22.93,90,1105.65510856933,0,205.012095814161,9.71989625511647,25.3541347189044,0,1.80973252688093,12.8665810082094,14382,1.29761,83.1,1.1,-2365,1329918,"31.656,84","53,9",NA,152255,63127,24.2,"6.282.674"
2015,"ITF1","Abruzzo",58.94,22.27,92.42,184.17,23.82,90.44,1077.31830430155,0.151670916701208,415.612920909559,13.1582183782114,38.3470284223763,3.01874370310682,1.82764525538937,13.1239158869115,15365,1.28793,82.7,0,-5061,1325836,"31.863,76","54,5",NA,151716,56343,26.9,"6.177.230"
2016,"ITF1","Abruzzo",61.5,22.12,92.97,198.19,25.56,90.68,1106.64151496044,0.423259090820919,212.544411176645,10.1374415950314,30.7233788614719,0,1.85625136796346,12.9711704899751,14546,1.29284,83.5,0.2,-4266,1319294,"31.954,43","55,7",35010,150098,52657,24.7,"6.119.103"
2017,"ITF1","Abruzzo",67.39,26.66,88.23,218.24,19.64,90.43,979.436042524129,1.60706046580687,323.061157324632,10.675581661616,44.3470474267648,7.36973627921908,1.95795804900431,12.866337979663,15484,1.25286,82.9,-0.8,-7051,1313930,"32.809,52","56,8",33499,151350,51814,22,"6.193.473"
2018,"ITF1","Abruzzo",64.86,22.65,94.97,198,19.03,89.91,1281.91798823998,0,337.265804864223,8.55936353302699,34.5029367752482,0,1.81751250636577,13.2260638507925,14680,1.2048,83.6,1.6,-3616,1306059,"32.969,03","58,0",32655,149362,49653,20.5,"6.335.072"
2019,"ITF1","Abruzzo",76.54,26.06,79.35,211.45,22.32,89.89,1047.95978975414,0,274.7797160346,12.4208146771842,35.7041350206219,0.907149218225622,1.94456068953924,13.2044085083602,14612,1.17,83.7,-0.5,-6704,1300645,"33.169,52","58,2",31767,149465,48538,22.7,"6.176.702"
2020,"ITF1","Abruzzo",79.69,26.45,79.5,206.63,25.33,89.83,981.236280624773,0.694006651663265,387.210446679915,10.6105581913966,32.7037501220328,0.576982326557172,1.84485817861972,13.1151648265924,16027,1.16704,82.9,-4,-12929,1293941,"30.577,05","57,5",31142,149186,48009,20.6,"4.012.792"
2021,"ITF1","Abruzzo",76.8,23.86,74.9,192.83,21.52,89.87,971.470164283322,2.90449824365218,272.725959218768,13.9013578805117,41.1648219113169,1.49061750011919,1.93118322376075,12.9783483331453,16266,1.20454,82.8,2.3,-5062,1281012,"33.654,56","57,8",29888,146239,48484,21.1,"5.197.765"
2022,"ITF1","Abruzzo",67.2,23.48,83.74,188.6,20.29,90.86,777.706959038686,3.84458226959164,181.497506949745,15.9858945793399,36.9780094474977,2.67067437430893,1.86003938960675,13.7777260518309,16780,1.18384,82.6,4.3,-3323,1275950,"36.434,16","58,4",28867,145833,46902,17.9,"6.389.803"
2023,"ITF1","Abruzzo",66.78,23.28,97.58,180.4,17.32,90.81,1075.44225254296,0.819585942684181,248.81337472252,11.0442424513837,29.6615459179472,4.82052398604752,1.90029377686562,13.7807232450634,NA,1.1365,NA,NA,NA,1272627,"39.428,03","61,3",NA,NA,NA,15.2,"6.804.820"
2000,"ITF5","Basilicata",78.3,35.4,82.9,335.8,97.5,253.6,565.264363770794,3.6537561783466,177.683283861622,16.9754277993366,19.0471320622068,2.24543812398264,2.29442928824595,15.0315578951016,5490,1.25,80,-3.7,-1995,601399,"9.823,02","49,2",17910,96295,5613,29.3,"1.461.199"
2001,"ITF5","Basilicata",84,38.4,74.4,367.1,98.9,241.9,522.450094983443,5.06914982405072,105.459066357064,15.3655833957304,17.5302447663782,0,2.45742071420275,14.8708915011032,5459,1.22,80.3,NA,NA,599404,"10.134,64","48,6",17705,92926,5867,30.4,"1.690.377"
2002,"ITF5","Basilicata",81.3,35.8,75.1,351.6,99.7,246.8,756.303869542819,2.59388101812666,119.610709215019,15.2869347101835,15.9687965017743,0,2.26711240485915,14.738669923771,5523,1.24079,80.2,NA,-1834,597103,"10.423,49","49,6",17393,91179,6870,27.3,"1.698.138"
2003,"ITF5","Basilicata",88,40.6,73.2,372.2,104.5,238.2,806.763844645255,0.967556748865374,259.194123916801,13.112891368899,28.3586583465552,0,2.35673218543657,14.7560151367669,5649,1.20914,80.5,NA,-764,595269,"10.429,37","49,6",17297,88762,7650,26,"1.761.639"
2004,"ITF5","Basilicata",NA,NA,NA,NA,NA,247.1,810.911959254528,0,210.997151359191,18.7539611746276,22.4269946178438,0.103530341440214,2.34477598744227,14.3221384071241,5512,1.23359,80.7,NA,-1320,594505,"10.772,36","49,1",17277,87710,8624,25.1,"1.922.098"
2005,"ITF5","Basilicata",NA,NA,NA,NA,NA,214.9,788.366189405629,0,127.98201577474,14.2073261662069,33.1163395689064,0.103143537852891,2.29303862815283,13.7066702370897,5710,1.16362,80.8,NA,-3074,593185,"10.906,01","49,2",17224,85711,8843,25.2,"1.954.865"
2006,"ITF5","Basilicata",NA,NA,NA,NA,NA,178,767.596709415382,0.276719005597902,194.907981059951,17.3971571343721,20.838253829681,0.103530341440214,2.26940375297302,14.0527761877315,5667,1.20032,81.2,NA,-3580,590111,"11.528,64","50,2",16902,84425,8875,23.9,"1.743.680"
2007,"ITF5","Basilicata",84.3,38.5,74.5,389.9,97.5,209.7,697.546133125445,0.755334169146363,125.950774113342,12.2736247103527,12.5667752049998,6.71981619249621,2.30600533651689,14.7215902487558,5720,1.20111,81.7,NA,-438,586531,"11.999,16","49,5",16334,83307,9736,23,"1.856.789"
2008,"ITF5","Basilicata",80.34,36.12,NA,388.42,100.9,NA,713.717361745444,0.691477809426601,198.79242861261,17.677593986431,14.251564258485,0.823589313649713,2.33459890005463,15.0347462744055,5585,1.22952,81.9,NA,-1183,586093,"11.995,48","49,6",16030,82633,9885,22.9,"1.862.373"
2009,"ITF5","Basilicata",80.38,36.89,73.77,377.9,101.38,NA,913.317929256716,0,164.189274990368,14.862919834148,17.2125716074287,0,2.32130937246473,14.6849832806415,5671,1.20034,82.1,NA,-2292,584910,"11.335,96","48,4",15272,81135,12674,23.7,"1.888.718"
2010,"ITF5","Basilicata",84.52,38.42,75.49,378.97,103.65,158.85,960.880247196085,0,326.737248963112,16.9011093974886,19.4532635102308,0,2.39194060338933,14.2767497394524,5656,1.1992,82.6,NA,-1828,582618,"11.193,34","47,1",15611,79192,9021,28.4,"1.890.108"
2011,"ITF5","Basilicata",83.33,37.95,75.74,379.14,101.34,160.43,670.474772877103,0.0688912930977019,124.118421401125,17.4412459407691,13.0076798478431,0,2.25825229301011,14.6686545024844,5826,1.19417,82.5,NA,-1430,580790,"11.562,09","47,6",15342,77032,8383,26.9,"1.963.474"
2012,"ITF5","Basilicata",121.91,59.73,89.88,278.06,58.49,135.71,713.345008953309,0.791259248234223,168.387448771962,18.6487698651243,24.8340121502022,1.55253420208604,2.42050592374679,15.1810377830088,6001,1.21561,82.6,-0.5,-1810,579360,"11.500,7","46,8",15284,75107,8705,29.4,"1.881.814"
2013,"ITF5","Basilicata",99.83,49.59,90.52,298.46,70.06,NA,825.983271467222,0.241693165941658,195.543917672232,13.3536695820155,16.8365967638709,0.588209286508189,2.33191898188241,14.905137861576,5962,1.13099,82.8,0.2,-1736,577550,"11.807,8","46,2",14867,73764,8759,31.8,"1.949.123"
2014,"ITF5","Basilicata",91.67,45.28,81.1,311.37,69.62,160.25,698.967991887578,0.137782586195404,87.8442373472956,17.1550106249898,5.28009817731765,0.103143537852891,2.28975158861337,15.0717624679431,5964,1.15935,83.1,0.1,-1772,575814,"11.390,16","47,2",NA,72653,8429,29.8,"2.100.083"
2015,"ITF5","Basilicata",93.56,45.22,80.6,307.9,68.96,160.19,759.493267698156,0.137782586195404,194.639971566246,24.3687365633995,14.2565998562499,4.07292169045817,2.2483089882065,15.1210490540554,6414,1.18343,82.4,-1.1,-2925,573236,"12.367,81","49,2",NA,71719,7599,28.7,"2.302.678"
2016,"ITF5","Basilicata",95.21,44.56,85.38,313.38,64.59,160.81,852.764760212933,0.620394663687654,181.862093293642,15.3050461669543,14.3225263318387,0,2.34214879177977,14.8600456900489,6203,1.17696,83.1,-2,-3329,569887,"12.322,56","50,3",13774,71041,7625,26.4,"2.345.626"
2017,"ITF5","Basilicata",102.29,50.44,76.68,291.56,55.5,159.01,562.122184796915,1.90022184628147,88.181637973913,19.6888286324077,21.7397400963539,10.0720316149425,2.42228651054415,14.7906388561206,6495,1.20013,82.7,-1.3,-3247,566405,"12.448,48","49,5",13176,70299,7638,29.2,"2.497.581"
2018,"ITF5","Basilicata",95.3,41.94,76.79,263.48,50.83,159.95,950.576493122685,0.138168075737083,156.874049843923,15.91777770803,13.6646554448881,0,2.30035313073493,15.1661515034676,6251,1.1411,83.1,-3,-4249,562968,"13.066,99","49,4",12767,69183,7823,26,"2.603.622"
2019,"ITF5","Basilicata",99.34,36.7,79.04,248.35,60.42,158.97,770.170088737804,0,187.61770480465,21.4915131536889,16.8145439370166,0.516874165253677,2.40611540243757,14.9292087808428,6508,1.15,83,-4.5,-5333,558587,"12.886,86","50,8",12437,67647,7646,25.9,"2.733.969"
2020,"ITF5","Basilicata",99.64,36.91,78.26,250.06,61.32,158.97,700.102001337883,1.7908895197636,237.778828238922,17.3139676565193,9.74086180192011,0.206673879293106,2.31392181795472,15.057143959464,6711,1.13731,82.8,-9,-8124,553254,"11.622,24","50,6",12264,65376,7473,26.7,"1.376.159"
2021,"ITF5","Basilicata",99.61,35.89,78.23,220.32,56.9,158.97,728.779130237547,0.171905896421486,144.390889166273,23.3650061823943,13.8060475016002,9.17179994278784,2.36863421815698,15.1304191605114,6838,1.11075,82.7,-0.8,-3962,545130,"12.965","52,5",12100,64269,7814,25.2,"1.795.157"
2022,"ITF5","Basilicata",100.8,42.97,72.59,178.92,41.07,158.97,701.012579563273,0.624894842208129,208.788967761102,25.0854519968974,16.1884906649588,3.6635682643641,2.31902552518868,15.579085043604,7126,1.09715,82.2,0.6,-3591,541168,"13.938,85","53,1",11694,63007,7140,20.6,"2.218.797"
2023,"ITF5","Basilicata",99.87,42,70.33,178.85,35.42,158.97,828.604646848211,0.103143537852891,177.343711997816,19.4720673824036,12.0139929989417,9.82913344442245,2.40178647369222,15.6631817741451,NA,1.08935,NA,NA,NA,537577,"14.704,39","54,9",NA,NA,NA,16.9,"2.537.324"
2000,"ITH1","Bolzano",NA,NA,NA,NA,NA,0,1581.10063021427,0.240844826348494,477.086590338638,1.41002444074955,180.625221690589,0,1.24688517257095,2.46288925273211,3662,1.48,80.7,1.8,2548,458553,"14.390,85","65,5",NA,NA,NA,6,NA
2001,"ITH1","Bolzano",173.5,87.3,18.7,32.7,14.4,0,1305.03470574853,0.201072390050744,229.422495364849,2.35624989621535,193.008882374515,0,1.28829528226715,2.25635865958225,3604,1.51,81,NA,NA,461101,"14.860,8","65,5",NA,NA,NA,5.7,NA
2002,"ITH1","Bolzano",154.9,77.3,17.8,34.2,15.3,0.2,1465.90792270319,2.60118808170256,388.095881612471,2.23619964046705,187.935458326181,0.955040658509052,1.19545967686916,3.0553746026082,3657,1.45275,81.2,NA,3721,462884,"15.089,67","66,9",NA,NA,NA,5.1,NA
2003,"ITH1","Bolzano",158.6,82.7,16.3,33.6,20.3,0.2,1047.94785118301,7.44155189111319,253.183613556314,1.11046798453273,199.116364976534,4.97004196506755,1.20369115225453,2.64302523345287,3939,1.51727,80.6,NA,3758,466605,"15.691,7","68,3",14435,62392,1428,5.6,NA
2004,"ITH1","Bolzano",NA,NA,NA,NA,NA,0.2,1178.33927093876,1.08028617299426,143.884511617274,1.63721396211571,187.603972942177,0,1.24774803569775,2.32958696994444,3761,1.55591,81.3,NA,4813,470363,"16.694,94","69,2",14555,64333,1676,8.2,"25.698.308"
2005,"ITH1","Bolzano",NA,NA,NA,NA,NA,0.2,1136.0417444441,4.84889120103268,185.918476620359,2.71290834987659,180.231395712221,0,1.23883757864523,2.01721589541813,3799,1.59575,81.6,NA,5227,475176,"17.008,36","69,0",14934,64006,2099,8.7,"26.139.024"
2006,"ITH1","Bolzano",NA,NA,NA,NA,NA,0.2,1060.10886792781,3.48687655436904,121.47475944216,2.03819740009048,178.573617935707,2.48002511826801,1.20866419029964,3.00801007732446,3707,1.57609,82.1,NA,4793,480403,"17.985,88","69,5",14958,65399,2564,9.4,"26.400.389"
2007,"ITH1","Bolzano",149.5,79.2,17.1,39.3,17.6,0.2,1219.36364465373,0.921754336547438,196.100630100742,2.08811546483935,183.473553049774,2.7996582570002,1.24874419789703,3.40315500412248,3705,1.61805,82.7,NA,6142,485196,"18.827,03","69,7",15054,67295,2757,8.8,"27.293.308"
2008,"ITH1","Bolzano",149.36,78.61,NA,39.47,18.23,NA,1463.97406302593,0,282.41101697142,1.61532377975254,184.28023474865,0,1.22349880829903,3.16116243198155,3863,1.61417,82.7,NA,4741,491338,"19.422,99","70,4",15135,68208,2875,9.1,"27.699.447"
2009,"ITH1","Bolzano",150.7,80.64,16.77,37.6,18.41,NA,1308.14172278137,0.680729140225084,310.002594616789,2.84361751580127,179.986310821117,0,1.25983817146418,2.81259661385644,3799,1.56033,83.2,NA,4371,496079,"19.321,42","70,4",15606,69171,3092,9.1,"28.067.592"
2010,"ITH1","Bolzano",140.86,74.45,17.34,37.44,18.78,0.2,1467.12913946226,0,295.900988438724,2.79336165555142,189.900291279925,3.63948092832006,1.25925387089098,2.10986640744375,3873,1.62248,83.4,NA,3956,500450,"20.011,84","71,0",16046,68978,2619,9.9,"28.568.205"
2011,"ITH1","Bolzano",143.38,75.08,17.41,37.29,18.41,0.22,1161.38646408483,2.75545622233836,262.336608728817,2.80949102512826,183.077695743105,2.27968185738554,1.17899681397046,3.74864143666491,3898,1.61034,83.7,NA,3583,504406,"20.728,87","71,0",16270,70882,2846,9.1,"28.872.461"
2012,"ITH1","Bolzano",226.67,122.07,5.18,29.95,9.34,0.27,1432.70990952233,0.884201272446034,373.779270014466,2.61618238743988,184.424558820479,1.99963772456387,1.26048452582655,2.84412579238659,4178,1.67413,83.3,4.7,3630,507989,"21.599,75","71,8",16407,70807,2637,11.4,"29.398.900"
2013,"ITH1","Bolzano",192.86,103.29,11.86,23.93,15.2,NA,1480.00110169353,0.39937209154159,293.150096234757,1.55228439297024,176.726968977224,3.35866729983305,1.22879367158056,3.06305858234185,4050,1.65209,83.9,4.9,3770,511619,"21.874,32","71,4",16261,71397,3275,11.1,"29.017.046"
2014,"ITH1","Bolzano",127.24,62.48,5.94,36.37,14.98,NA,1488.90705712708,1.43821750438419,332.67750538556,2.66327867398168,167.673719768841,0.361267239522741,1.20023457613968,3.84828680701247,4121,1.74694,84,2.7,2804,515389,"22.144,03","70,8",NA,71927,3510,12,"28.428.922"
2015,"ITH1","Bolzano",129.59,62.82,4.85,35.92,15.2,0.22,1117.07228664116,0,173.217287663545,3.10435269370398,175.097683764379,8.96263644485877,1.2339942284467,4.13001577234286,4357,1.71159,83.6,2.7,2373,517994,"22.620,1","71,4",NA,71105,2789,10.2,"29.439.988"
2016,"ITH1","Bolzano",136.33,65.34,4.91,39.18,17.21,0.22,1403.61141611341,0.999445158711488,263.666988402679,1.95489247169263,176.002594960942,0.957821728874504,1.22493696313172,3.65813486933894,4249,1.76721,84.1,4.1,3365,520252,"23.097,72","72,7",16558,71114,3854,9.5,"31.318.441"
2017,"ITH1","Bolzano",151.26,76.92,7.1,43.86,31.06,0.22,1349.45116460896,2.63891771578944,337.672576807633,2.29413779615799,182.680520135801,2.52404601521178,1.28372021898808,3.41209504413285,4395,1.74689,84.3,4.8,3494,523454,"23.954,3","72,9",16650,71083,4068,12.4,"32.400.662"
2018,"ITH1","Bolzano",129.16,56.08,7.98,41.88,27.72,0.22,1289.01391753309,1.95559778542443,234.080914901884,1.88082103217699,157.449688030888,2.44543806928079,1.1915013874166,3.99821043342922,4397,1.72907,84.4,4.8,3428,526772,"24.990,07","73,5",16698,81722,4509,11.2,"33.260.000"
2019,"ITH1","Bolzano",127.25,55.33,7.94,40.83,27.21,0.22,1649.73748675741,0,434.997264583703,3.01071835423957,176.413424639329,7.31335635385955,1.26059075302327,3.71941868526346,4454,1.71,84.5,2.9,2331,530313,"25.743,17","74,1",16623,80552,4558,9.6,"33.643.455"
2020,"ITH1","Bolzano",122.68,51.54,5.98,36.63,27.68,0.23,1490.44769384426,0.200704021957078,455.073532903572,2.42106006069117,184.126348689869,1.32464195957839,1.17563377609638,3.78291937742802,5447,1.70967,82.8,4.7,2268,532644,"23.946,18","72,2",16714,80691,4843,12.3,"21.703.816"
2021,"ITH1","Bolzano",122.46,51.77,6.25,37,27.9,0.23,1318.86111589078,0.682022249668184,276.909458085361,2.13901895351293,196.287651711077,0,1.23707612685874,2.77923798602808,4980,1.71865,83.8,-4.7,-2296,534912,"26.608,28","70,7",15380,80898,4957,13.3,"23.750.886"
2022,"ITH1","Bolzano",122.66,66.97,6.07,38.25,25.44,0.23,1215.38233793814,1.44580340160913,204.464114775073,4.0398228221071,171.83796326849,1.68147273329301,1.20584270592994,4.25596736301958,5221,1.64395,83.7,3.4,1531,532616,"29.851,48","74,1",15452,81236,4834,9.9,"34.367.756"
2023,"ITH1","Bolzano",121.5,68.13,5.97,43.28,23.67,0.25,1509.68840813175,0.160563217565663,423.35636132966,3.02085196917523,166.45136282105,5.56937524267905,1.22707458479526,4.48478090741906,NA,1.56571,NA,NA,NA,534147,"32.026,7","74,4",NA,NA,NA,8,"36.085.187"
2000,"ITF6","Calabria",102.2,32.6,101.1,237,139.4,120.3,751.855204127448,2.39959696654016,263.598335177199,12.2305540853968,5.47592797912126,0.683734171167386,2.83465707262662,16.3284450176219,17746,1.26,79.8,-5.7,-9870,2028592,"26.263,87","43,1",64928,320453,41401,35.1,"6.282.074"
2001,"ITF6","Calabria",132.5,51.9,161.2,275.4,193.8,124.3,683.351480502971,3.53680922254714,127.206634234518,11.3441791435132,4.96627754894181,0,2.894482869307,16.3161970084878,17243,1.24,80.3,NA,NA,2018722,"27.681,86","44,3",64700,316685,45800,33.4,"5.974.618"
2002,"ITF6","Calabria",126.4,47,134.4,269,168.7,124.5,870.27460913425,3.8685904414013,129.695375369189,12.2474507096811,4.21654972991553,0,2.76775964343504,16.0526236203898,17137,1.23213,80.7,NA,-8418,2008185,"28.289,22","45,3",63300,312840,48196,32.1,"6.785.000"
2003,"ITF6","Calabria",111.7,39.1,113.2,244.2,155.3,97.7,985.432879210134,0.596063523717516,281.158358902403,10.2480910153296,8.14763346914406,0.266612209262174,2.85751041094685,16.3635552123294,18289,1.26635,80.1,NA,830,1999767,"29.177,95","45,2",63506,308012,52060,32.6,"7.333.813"
2004,"ITF6","Calabria",NA,NA,NA,NA,NA,107.6,985.453783263606,0,241.824136473377,13.4387423210933,5.84797069230409,0,2.89034892551992,15.8315312722538,17181,1.27324,80.8,NA,-8570,2000597,"30.548,96","46,2",63097,305343,55559,29,"7.701.394"
2005,"ITF6","Calabria",NA,NA,NA,NA,NA,90.5,964.273727296011,0.177119108664998,168.77976037201,10.1346734170075,10.0482273132133,0,2.85373336619515,15.2905164638136,18140,1.26284,80.6,NA,-10077,1992027,"31.415,82","44,5",62297,297904,61074,30,"7.838.849"
2006,"ITF6","Calabria",NA,NA,NA,NA,NA,80.6,822.905858999011,0.33149899386261,155.833949385876,11.5407368162942,6.49125347150452,0.135418052258267,2.74632251702478,15.756604664654,17414,1.29473,81.3,NA,-10013,1981950,"32.444,03","45,4",61162,293975,61300,29.1,"8.155.053"
2007,"ITF6","Calabria",114.7,39.4,122.2,262.8,150.6,88.5,933.768375088371,0.71004600434133,237.281892715357,9.27450084173683,3.57437774047542,3.36710611792461,2.83841438165331,16.0817347934809,18094,1.29239,81.3,NA,7130,1971937,"33.289,35","44,9",58966,291037,61687,29.6,"8.731.335"
2008,"ITF6","Calabria",107.54,36.13,NA,262.13,157.61,NA,846.455983264543,2.01467070496198,250.549465099999,13.6179105596695,3.31035843804478,0,2.79749197403881,16.142589063621,18383,1.2933,81.4,NA,-2520,1979067,"33.909,27","44,0",58723,283661,62000,28.2,"8.493.339"
2009,"ITF6","Calabria",107.11,36.65,121.14,255.72,158.08,NA,1124.50025786227,0.0225696753763779,263.295114928448,10.5243011104549,4.65982193695327,0,2.90041973442633,16.0843241842825,18806,1.31183,81.4,NA,-2923,1976547,"33.065,49","43,0",58115,278398,60078,28.1,"8.454.728"
2010,"ITF6","Calabria",109.03,36.89,123.15,254.08,161.67,69.77,1229.7768824128,0,439.109367189278,13.4485846569095,4.79074484328422,0,3.01480513709621,15.827814387082,18143,1.31581,82.1,NA,-1575,1973624,"33.038,43","42,1",60185,272614,56498,31.3,"8.147.269"
2011,"ITF6","Calabria",110.96,37.29,124.03,254.85,158.13,65.72,946.381919909184,0.400086912726954,246.843627479795,11.6249212463052,3.75444578912887,0,2.81491500348108,15.88251433443,18640,1.29205,82,NA,-3513,1972049,"33.276,96","42,4",60499,274505,64518,31.5,"8.548.275"
2012,"ITF6","Calabria",100.69,37.59,118.07,241.52,115.19,72.78,940.494846265011,1.45055668199089,269.851885709197,13.5784143711603,6.5108831044001,0.887605225212555,2.9689282327303,16.3992108758035,19294,1.30009,82,-2,-6106,1968536,"32.709,18","41,5",60465,264447,54970,33.8,"8.358.186"
2013,"ITF6","Calabria",109.21,32.75,58.02,247.97,113.73,NA,1022.85319571404,1.36247231154122,294.661233183736,9.5031018746936,3.08841453439802,0.132122654186091,2.84471228643019,16.2480240499315,18766,1.29492,82.5,-1.1,-4204,1962430,"32.097,05","38,9",59218,259646,51859,35.8,"8.002.838"
2014,"ITF6","Calabria",120.72,40.27,60.42,264.45,120.28,65.15,912.649693043309,0.134406078528025,233.770624239561,11.6576580914818,1.8342046195048,0,2.77220166460761,16.3057702417136,19276,1.29909,82.5,-0.6,-3902,1958226,"31.844,42","39,3",NA,256920,53094,38,"7.762.931"
2015,"ITF6","Calabria",126.41,38.78,58.87,261.87,121.71,66.54,1030.15821966262,0.0221796346189365,318.247519985377,17.4781277504833,3.8418119308827,1.05981247781878,2.75781402502374,16.4006779281621,20311,1.31358,82.3,-1.1,-6110,1951733,"32.118,61","38,9",NA,253435,48926,39.9,"8.151.234"
2016,"ITF6","Calabria",127.37,41.99,57.4,267.53,132.09,66.74,985.136502302754,0.641140111257453,223.003229987887,10.3552807470994,3.75269361712032,0,2.9297566454424,16.3306298708416,19267,1.30867,82.9,-1.1,-5393,1943085,"32.666,6","39,6",56538,249528,47948,38.2,"8.512.415"
2017,"ITF6","Calabria",134.74,38.72,64.75,237.19,126.01,64.92,715.642592181109,3.26778060409701,178.68358989559,14.2912954628931,7.37584996135629,4.51525396480796,2.84632804216584,16.0747347433121,20803,1.30506,82.4,-1.7,-8441,1935097,"33.342,94","40,8",51935,249458,45621,36.7,"8.973.630"
2018,"ITF6","Calabria",134.55,35.63,60.57,225.97,119.81,64.72,1059.4446674302,0.179468280574285,236.306922261715,12.2393957460608,2.97791781357987,0,2.88602797672902,16.6775071935977,19756,1.2891,83,-2.5,-9556,1924257,"33.276,04","42,2",50930,244870,46495,36.1,"9.277.810"
2019,"ITF6","Calabria",145.44,34.77,60.89,256.35,118.09,64.6,916.103820649935,0.0885582905464729,234.999803165966,14.9710168679066,5.6955689592848,0.176802829451592,2.93642775177722,16.3611500186727,20162,1.26,82.8,-6.4,-17911,1912021,"33.502,12","42,0",49387,242096,45846,35,"9.509.423"
2020,"ITF6","Calabria",145.77,35.68,60.02,255.38,118.01,64.4,840.783462628323,0.77373547403515,234.492804137905,11.9738027434718,2.40356032444197,0,2.7131262383835,16.4203136711013,21024,1.25838,82.5,-14.1,-33509,1894110,"31.075,03","41,1",48704,237137,60377,34.3,"4.518.226"
2021,"ITF6","Calabria",133.62,27.43,54.34,243.23,113.71,62.39,965.557097445308,0.110103259925422,268.249639029071,17.5440901112994,3.88529489921664,6.70435181386693,2.8819948383738,16.5831876617645,22632,1.22957,81.7,2.3,-5147,1860601,"34.200,59","42",47383,235532,49190,33.5,"5.977.361"
2022,"ITF6","Calabria",117.41,46.17,51,200.47,105.11,62.34,732.915104794661,3.38368316898859,161.332404118055,18.0248571982327,4.28030626810204,1.2611004675609,2.77842365780548,16.9328129251878,22939,1.27945,81.8,0.3,-8844,1855454,"36.457,22","43,5",46147,231717,46587,28.2,"7.254.907"
2023,"ITF6","Calabria",116.01,45.11,51.2,181.76,131.7,62.28,864.991983258083,0.89275124561472,166.579200177677,13.960853064229,3.46658454774171,7.97221015354305,2.84523233992773,16.9680802998475,NA,1.28577,NA,NA,NA,1846610,"38.956,76","44,6",NA,NA,NA,27.2,"8.100.594"
2000,"ITF3","Campania",343,92.9,141.8,227.2,49.5,150,914.575544739695,1.15835465109658,230.25645273707,11.1224197639704,16.5018424948356,1.20432686230158,2.39383977259942,15.0210211597962,47384,1.48,78.2,-5.1,-9557,5717694,"83.026,63","43,3",202686,948081,205222,39.8,"20.698.965"
2001,"ITF3","Campania",370.4,112.2,160.7,268.2,43.2,144.2,786.867826485278,3.80911369567378,73.5197280366948,12.9849728150733,15.3172603661841,0,2.57803856422732,14.8551204589778,46034,1.49,78.7,NA,NA,5708137,"87.679,11","44,1",202032,954010,207619,38.9,"20.962.579"
2002,"ITF3","Campania",350.9,93.6,156.3,251.6,47.1,143.2,1018.05123499052,4.06924978020346,184.573147023409,12.1208076879778,14.2943762828572,0,2.34187907806579,14.7500621815361,46705,1.4709,78.9,NA,4941,5699962,"91.378,14","45,5",203590,947056,210851,35.4,"20.323.213"
2003,"ITF3","Campania",223.4,95,141.6,255.8,49.4,141.1,1074.70678380847,4.0918415529517,323.190135542238,9.27168339243494,25.1132279897256,5.1169482846343,2.51479437528374,15.0574409843503,49148,1.4841,78.6,NA,26538,5704903,"93.388,35","45,8",205522,945464,219920,35.3,"19.708.952"
2004,"ITF3","Campania",NA,NA,NA,NA,NA,135.5,1230.80030567316,0,272.094403452697,14.1494545490034,18.6874181588211,0,2.50803853331537,14.5267460951322,46001,1.48887,79.4,NA,28009,5731441,"96.469,94","45,2",204179,944285,224826,31.2,"19.907.514"
2005,"ITF3","Campania",NA,NA,NA,NA,NA,131.9,1215.40141015024,0.046665568409557,254.931060604446,11.0101073544765,29.7517224237638,0.903773484354766,2.40491770235474,13.964038787859,48685,1.44693,79.3,NA,3969,5759450,"99.020,38","44,0",204500,935889,226955,31.7,"19.206.477"
2006,"ITF3","Campania",NA,NA,NA,NA,NA,121.6,923.513567216908,0.974432166589215,162.246392152755,13.5171778491024,17.6584295756447,0.327084562402665,2.40232792354365,14.420768980771,47177,1.46034,79.9,NA,2844,5763419,"102.748,13","44,1",203408,929500,228450,30.3,"19.145.883"
2007,"ITF3","Campania",427.1,94.2,148.4,270.7,46.3,114.8,912.87478060625,2.20248746782222,107.979251812058,9.49558850406488,11.1194415365672,7.50284979689092,2.48597012677701,14.8935236069676,49043,1.46793,79.8,NA,18782,5766263,"106.354,74","43,7",198344,922722,223938,32,"19.774.742"
2008,"ITF3","Campania",211.4,90.39,NA,269.77,47.88,NA,1186.90988544083,1.65216527295046,276.878983992515,13.3914614654645,11.9309483243735,0.0696040030521068,2.46420387718302,14.9306279187094,49561,1.46158,80.1,NA,7042,5785045,"106.809,07","42,4",196835,921048,222090,32.5,"18.722.386"
2009,"ITF3","Campania",209.84,92.24,147.61,262.41,48.11,NA,1322.03959672408,0,305.821451386415,11.0190965013783,14.1357361977503,0.628275443657329,2.45384009708366,14.9355201248884,50234,1.45499,80.2,NA,15377,5792087,"103.917,99","40,8",192534,903570,222170,32.5,"17.942.458"
2010,"ITF3","Campania",195.32,84.67,149.17,261.97,49.19,111.77,1587.0252390079,0,452.687026599983,11.4663340457506,16.8934442911448,0,2.57540323225935,14.5199887713979,50467,1.43791,80.5,NA,15363,5807464,"102.910,28","39,8",194315,895859,203543,34,"18.556.993"
2011,"ITF3","Campania",199.64,86.74,150.2,262.31,48.03,104.67,843.77236645245,1.32359821251574,157.240023623031,13.0378047119963,11.1576860484801,0.416824722973226,2.39057642642231,14.9088360151633,51783,1.41535,80.6,NA,4766,5822827,"102.994,61","39,4",193500,896689,218702,34.9,"19.554.988"
2012,"ITF3","Campania",519.81,225.23,83.64,190.94,44.32,111.5,1152.12257414512,1.87866535691383,362.611189432523,14.1630768175125,22.9937176192694,1.76648822332862,2.46827341731332,15.1492181211893,52309,1.39357,80.8,-1.7,-7163,5827593,"102.632,59","39,9",193092,873424,209649,35.2,"18.410.150"
2013,"ITF3","Campania",512.75,216.11,100.47,187.42,39.92,NA,1358.89110947976,0,315.838811669381,9.73999569109829,14.8189673045659,1.223748795123,2.420228683551,14.9477866432463,52234,1.36166,81.1,-1.4,-7662,5820430,"100.834,8","39,7",189715,862741,191765,36.2,"17.722.308"
2014,"ITF3","Campania",477.55,282.51,91.65,171.29,40.63,109.95,1149.99453958501,0.583447501192917,187.119777820535,14.3431886210986,5.33883615840851,0,2.35051868726811,15.2302979907528,51877,1.34096,81.5,-1.3,-8436,5812768,"101.232,96","39,2",NA,852412,196266,36.3,"18.060.075"
2015,"ITF3","Campania",477.68,276.42,92.15,171.51,40.6,108.57,1057.21279205109,0.232801600911518,309.238201450814,19.4471714959494,10.6151819925166,8.69052635093272,2.34811755288849,15.323994030339,56796,1.35297,80.8,-0.8,-10679,5804370,"103.763,76","39,6",NA,844073,190755,35.3,"18.855.907"
2016,"ITF3","Campania",488.7,284.01,99.18,185.73,45.2,110.6,1099.95230432784,0.301701153800628,155.100156720061,12.6253777455932,11.102838286099,0,2.49738768665541,15.1406572742148,53044,1.35578,81.7,-1.6,-11766,5790783,"105.498,56","41,2",176767,838900,194915,35.3,"19.872.576"
2017,"ITF3","Campania",513.55,292.71,97.71,193.4,40.77,110.73,841.978601370637,5.05973405728636,198.858845548718,15.0537868906818,18.620537981281,7.85307317550171,2.54513399388462,14.9047354987463,56294,1.36197,81.3,-1,-12224,5776654,"107.717,1","42,0",165545,829705,208890,36,"20.449.600"
2018,"ITF3","Campania",499.26,283.86,104.98,204.4,40,111.41,1339.96743608597,0.0701289140232562,318.048019138582,11.7474060138276,11.470827751173,0.417707828904998,2.46241154763318,15.4942545141295,53740,1.32915,81.9,-3.4,-25168,5762889,"109.119,26","41,6",159400,825154,216220,35.8,"21.689.412"
2019,"ITF3","Campania",494.72,266.46,97.99,215.72,47.39,108.34,1205.37972483512,0,300.375924686361,16.3406193509897,12.9876034998775,1.11126215725386,2.5400710028062,15.1557601895707,53860,1.31,82.1,-3.7,-28148,5740291,"111.173,73","41,5",155715,811201,224979,34.2,"22.013.245"
2020,"ITF3","Campania",498.92,265.28,98.92,214.95,46.68,107.41,979.587834578941,2.75252318101047,312.761248690575,14.8680791657748,8.45040745656237,0.138943337844989,2.3887980018174,15.1648682634562,58934,1.30092,81.2,-13.1,-87883,5712143,"102.700,77","40,9",152138,797548,239065,35.2,"7.281.574"
2021,"ITF3","Campania",489.61,254.4,87.51,200.56,51.18,106.2,1212.28303392056,2.95072766215564,370.708431339853,18.6666756173244,12.0666411688153,8.10049711415073,2.54764900531084,15.236206042406,60921,1.2816,80.9,3.1,160,5624260,"112.115,57","41,3",146170,791006,251956,34.1,"10.710.239"
2022,"ITF3","Campania",462.18,240.39,86.96,186.34,43.42,105.11,1021.88366079903,1.43614956529381,407.815447192481,20.1533897217575,14.0926430468513,4.39336934662646,2.35888127531376,15.7476230444609,61459,1.32781,81.1,0.4,-14884,5624420,"122.236,21","43,4",145893,782109,258854,29.7,"17.751.500"
2023,"ITF3","Campania",452.65,234.29,83.49,173.15,34.84,104.46,1183.32484910154,0.138146692825346,270.722567379467,14.2850535670549,10.3799256598575,10.4693710786759,2.50602899708328,15.7915974092882,NA,1.29641,NA,NA,NA,5609536,"130.265,49","44,4",NA,NA,NA,26.9,"20.695.842"
2000,"ITH5","Emilia-Romagna",622.6,292.2,1552.4,78.7,10.5,393.1,964.737139294366,4.3693787558108,222.482816424107,5.78882989690667,23.9115482651487,0.147320069210704,2.11616260381243,13.8512827783244,NA,NA,NA,NA,NA,NA,"106.153,73","68,0",88006,381641,163938,NA,NA
2001,"ITH5","Emilia-Romagna",705,325.3,1640.6,81.3,8.4,396.3,971.700220372466,0,205.136514530682,10.6828709582158,33.8452557291102,0,2.20913229031293,13.3188267254113,45181,1.19,80.9,NA,NA,3983566,"110.741,21","68,8",89932,394009,168131,NA,NA
2002,"ITH5","Emilia-Romagna",653.2,294.2,1679.8,81.9,9.5,403.9,1236.63821792996,1.95222095114549,300.475373610612,8.31411106534607,24.6536874609959,0.131985358950369,2.08589226275027,13.5602190440385,45712,1.23605,81.1,NA,31357,4003078,"114.349,73","69,9",93778,403461,170065,NA,NA
2003,"ITH5","Emilia-Romagna",652.4,301.6,1579.9,89.8,8.4,390.2,765.384232311814,6.05700150235462,122.87015773243,7.24924565455988,44.2786009424908,6.89824600753095,2.17691990461142,13.8302470183806,48442,1.2416,80.7,NA,46421,4034435,"117.782,13","69,6",96731,412087,174443,NA,NA
2004,"ITH5","Emilia-Romagna",NA,NA,NA,NA,NA,393.1,1057.82281332273,0.440578463303193,212.683409947202,8.44226809933487,34.4094820071497,0,2.14548807426116,13.1137209863463,45170,1.32633,81.5,NA,48669,4080856,"122.772,1","68,3",100095,414566,180178,NA,"36.287.912"
2005,"ITH5","Emilia-Romagna",NA,NA,NA,NA,NA,371.7,1044.73938007287,0.66218052714842,260.420092454628,9.5706666886392,64.2524860471702,0.0880517644910959,2.0558842676168,12.5437487126112,46327,1.3542,81.5,NA,33456,4129525,"126.321,48","68,4",102391,425839,177315,10.1,"36.219.769"
2006,"ITH5","Emilia-Romagna",NA,NA,NA,NA,NA,378.6,764.73577100151,1.95341869078601,101.363477351672,10.3060865859343,39.3079745070884,1.21687429984632,2.03120271828575,13.4137247270084,45711,1.40069,82,NA,31978,4162981,"133.306,87","69,4",105537,436720,175448,10.1,"37.469.142"
2007,"ITH5","Emilia-Romagna",624,292,1630.1,92.2,8.3,407.6,772.53806846742,3.64240897883699,145.591907793987,5.80987953937984,20.4337185384127,3.46732096907302,2.14721592358909,13.8526218324525,46659,1.44954,82.2,NA,51782,4194959,"140.060,03","70,2",106373,452616,169218,9.7,"38.174.466"
2008,"ITH5","Emilia-Romagna",620.62,288.55,NA,91.46,8.76,NA,1090.57429042531,0.67858791135252,211.252902837509,7.77097232717038,22.9989399387129,0,2.13467649688561,13.6997013537726,47878,1.50524,82.2,NA,59208,4246741,"141.964,74","70,2",108442,463436,164061,9.7,"38.361.397"
2009,"ITH5","Emilia-Romagna",620.91,295.72,1611.83,89.29,8.8,NA,1079.04568157326,0.882860254971886,241.566970785244,10.1207518620467,35.2750992576496,0.485388472887746,2.1384035466009,13.7605154875919,48015,1.52369,82.5,NA,34542,4305949,"134.709,83","68,4",110133,474843,158254,12.4,"38.188.724"
2010,"ITH5","Emilia-Romagna",577.16,270.69,1641.67,88.89,9.01,375.04,1398.8565714514,0,363.620171380656,10.7310397019184,47.0570531108146,0.383321374927,2.09123517455028,12.6051699621152,47422,1.52411,82.9,NA,31104,4340491,"137.950,04","67,3",112053,489718,150726,15.3,"37.674.889"
2011,"ITH5","Emilia-Romagna",588.08,274.37,1646.66,89.1,8.78,357.59,743.595581827676,2.94761163039286,114.885188767856,9.09339343784645,34.3925885854457,4.747025214007,2.00532690201071,13.8207077183691,47653,1.49251,83.1,NA,19719,4371595,"143.928,63","67,8",114271,495385,158621,15,"38.619.332"
2012,"ITH5","Emilia-Romagna",517.13,246.12,1522.01,72.59,18.12,368.62,970.309077813374,3.18438379646589,215.361602796141,10.3509349905382,46.1151787376366,5.20748616263416,2.20602768094649,13.7441094778692,49217,1.48062,82.9,7.7,24144,4391314,"141.966,07","67,5",115690,495552,154583,15.7,"37.383.182"
2013,"ITH5","Emilia-Romagna",706.42,323.96,1570.7,88.84,13.74,NA,1276.67472785192,0,299.143494020867,7.48940522173525,37.0060383499501,3.17698410699059,2.08636674247027,13.2238864710521,47763,1.45745,83.4,6,16783,4415458,"143.074,7","66,2",115936,500777,147020,18.9,"36.449.540"
2014,"ITH5","Emilia-Romagna",658.88,300.42,1477.17,81.18,10.47,336.62,1354.83679367075,0,300.524929555743,12.1726854571264,7.43393970820406,0,1.99844794398275,14.198552973513,47728,1.43176,83.7,3.4,4154,4432241,"145.927,56","66,3",NA,507581,150001,20.6,"35.384.389"
2015,"ITH5","Emilia-Romagna",657.63,300.63,1482.06,78.49,13.68,332.06,893.065285252397,0.381747800131111,220.764175851052,14.9528116668551,21.4369833871221,7.26190865470146,2.09223172612624,14.0842926064482,51581,1.42655,83.2,3,-2362,4434377,"148.780,48","66,7",NA,513283,144661,19.1,"36.561.539"
2016,"ITH5","Emilia-Romagna",667.67,299.62,1408.65,71.92,15.3,349.05,1086.09325894048,0.439691408080804,218.229019152236,9.40520801131628,25.0381663986186,0,2.13663595866259,13.7464110604207,49377,1.40496,83.7,3.5,695,4435480,"153.170,79","68,4",111966,515079,150739,15.7,"37.837.755"
2017,"ITH5","Emilia-Romagna",681.42,297.72,1438.1,63.53,20.85,314.51,854.536711255817,3.29232862892644,206.145502741172,8.78027532354895,37.9556261925638,5.88436613372613,2.1638340884456,13.9949159937689,51064,1.36091,83.6,4.9,3788,4439768,"157.583,36","68,6",109306,532017,154770,16.1,"40.095.054"
2018,"ITH5","Emilia-Romagna",685.86,298.08,1330.49,61.85,25.04,319.46,1152.52659285809,0,203.229936754679,9.76867418779526,28.5175603110298,0.500290012007514,2.04297929981638,14.1162182127665,49811,1.348,83.9,5.4,6848,4445920,"161.177,73","69,6",107132,535238,161950,15.3,"40.647.799"
2019,"ITH5","Emilia-Romagna",628.71,285.06,1377.53,64.92,25.13,327.03,1232.25074052986,0.423721888997036,372.620034243225,12.8887951898051,26.7132805388906,2.67828929572955,2.17234506033796,14.1976025810262,50274,1.3,84,5.4,4666,4459453,"162.762,66","70,4",104673,538654,166857,14.1,"40.360.042"
2020,"ITH5","Emilia-Romagna",628.9,282.52,1380.43,63.1,24.24,315.62,939.944047879884,1.76506578865755,218.578774920836,11.058217996711,19.928248812031,0.088808496484354,2.09900077984605,14.0848215111562,59211,1.26457,82.6,0.9,-25182,4464119,"152.013,32","68,8",102245,539184,173690,16,"22.229.208"
2021,"ITH5","Emilia-Romagna",614.98,277.51,1315.92,60.01,23.73,319.5,878.504773528229,2.7863517877973,143.959105111805,12.018974985587,28.0421514042652,2.75587730643535,2.18047098653376,13.6707543267679,55260,1.27524,83.2,2.7,-13571,4438937,"169.102,72","68,5",96283,534393,182466,15.1,"30.814.989"
2022,"ITH5","Emilia-Romagna",579.78,267.5,1060.48,49.27,16.92,335.02,833.458398025936,3.65796815795637,217.897461370301,15.6017444611706,22.8548494345987,5.28455449454269,2.04669544249101,14.7905782279824,54999,1.26918,83.4,8.5,12212,4425366,"180.444,99","69,7",95110,533123,185663,12.2,"38.149.571"
2023,"ITH5","Emilia-Romagna",583.76,271.72,1053.63,52.5,15.25,345.52,1063.55122658064,0.220853993849784,331.406325968807,9.85619118860749,17.9345034738861,6.66572510663603,2.19654352309896,14.7377979381823,NA,1.21711,NA,NA,NA,4437578,"192.636,6","70,6",NA,NA,NA,11,"39.176.137"
2000,"ITH4","Friuli-Venezia-Giulia",101.3,45.6,191.7,6.3,6.1,120.4,1837.58042168883,0.895281371412136,547.578220635504,2.46945157409,71.1011134026251,0,1.67940092636786,10.4571825435297,14045,1.1,79.9,6.3,2974,1178264,"27.790,35","61,9",25780,116823,41339,9.8,NA
2001,"ITH4","Friuli-Venezia-Giulia",110.9,48.5,215.3,4.5,6,135.9,1529.30763473586,0.171773833437126,248.547601112642,5.12922355130413,74.6955772532813,0,1.80445031347692,10.2435265335644,13890,1.1,80.2,NA,NA,1181238,"29.272,15","63,6",25730,116637,42593,8.7,NA
2002,"ITH4","Friuli-Venezia-Giulia",106.6,46.4,207.2,5.1,6.1,143,1838.1914400965,3.48577395797225,424.644497284338,3.8319877940023,58.7266351311241,0,1.7822306598352,10.8479884060763,14262,1.12209,80.1,NA,5387,1184713,"30.193,09","63,8",27453,118603,41933,8.1,NA
2003,"ITH4","Friuli-Venezia-Giulia",111.6,48.2,228.7,4.9,4.8,123.2,1172.99485720749,8.34525890898442,215.501674644679,2.68906646192869,84.4791248044656,12.0470606745808,1.83523220830316,10.6642707208593,14799,1.16282,79.9,NA,6233,1190100,"30.451,38","63,1",27857,120796,43414,10.2,NA
2004,"ITH4","Friuli-Venezia-Giulia",NA,NA,NA,NA,NA,123.2,1732.42633178987,0.208344396663858,421.370347429602,2.90374248970796,80.6465396225844,0,1.82022502941919,9.91444276921391,13921,1.20992,80.8,NA,5017,1196333,"31.529,33","62,6",28998,120098,44178,12.2,"8.568.595"
2005,"ITH4","Friuli-Venezia-Giulia",NA,NA,NA,NA,NA,124,1272.75087560162,4.96125164615117,170.756691947485,4.97714687708609,92.7323164002763,1.03063907264313,1.78991520805953,9.52663367566157,13880,1.23677,80.9,NA,2498,1201350,"32.839,21","63,2",29487,122461,40235,11.4,"8.391.287"
2006,"ITH4","Friuli-Venezia-Giulia",NA,NA,NA,NA,NA,122.4,1275.07009543895,5.13286317182706,217.173626795378,3.55378783069262,79.3785435770589,5.59646609446371,1.77688884551131,10.4217879117386,13676,1.29191,81.4,NA,4282,1203848,"34.351,54","64,8",29790,126921,39594,10.9,"8.483.114"
2007,"ITH4","Friuli-Venezia-Giulia",104.9,46,225.3,5.6,5,128.4,1396.01712626532,1.44764001915702,299.600236649737,2.33981781692172,61.0667779723315,2.78616967339209,1.762621359706,11.0231991095175,13583,1.34525,82,NA,8929,1208130,"35.892,2","65,4",30050,128061,39334,11,"8.734.021"
2008,"ITH4","Friuli-Venezia-Giulia",103.72,45.56,NA,5.65,5.22,NA,2036.92236010669,0.829004883074489,517.10030355046,2.31466421185806,64.1348064729432,0,1.78503772033865,10.6215018328239,14370,1.3644,81.7,NA,7594,1217059,"35.633,03","65,2",30402,135561,40868,12,"8.878.927"
2009,"ITH4","Friuli-Venezia-Giulia",103.68,46.75,221.89,5.42,5.22,NA,1701.32110564947,0.48546246541722,457.198448380954,5.27895403149634,71.9182060353954,0.103627746966794,1.82182500185938,10.7399550488079,14206,1.38201,82,NA,1257,1224653,"33.672,31","63,5",30516,130964,40778,13.3,"8.833.753"
2010,"ITH4","Friuli-Venezia-Giulia",96.11,42.6,225.47,5.4,5.35,107.5,2093.39136159877,0,529.350678391276,4.08528371914339,77.5418381397812,1.78744322272031,1.8280223453408,9.97189790201594,14083,1.39835,82.3,NA,-549,1225910,"34.916,36","63,6",31227,134087,35800,13.9,"8.665.896"
2011,"ITH4","Friuli-Venezia-Giulia",98,43.2,226.36,5.39,5.2,111.31,1332.10921214787,1.21068649475683,369.952383838519,3.63523227892942,70.6746482038348,2.88527818638205,1.77341247374222,11.0407980990923,14066,1.38641,82.4,NA,-1719,1225361,"35.685,84","64,2",31490,133919,36912,16.1,"8.949.565"
2012,"ITH4","Friuli-Venezia-Giulia",81.71,39.69,186.59,9.09,4.47,110.24,1686.90364887616,3.58830883252893,477.25537753966,3.21413636117119,79.4976125505917,1.85744909336701,1.8871182883434,10.8026157492165,14426,1.41082,82.5,4.8,1345,1223642,"34.547,66","63,6",31491,133591,35907,17.6,"8.802.721"
2013,"ITH4","Friuli-Venezia-Giulia",104.47,37.17,233.61,8.29,3.3,NA,1847.8890381022,0.618790224706603,369.6797815955,2.09131719265142,63.864439783382,7.13599116685893,1.83090252175803,10.7662611402226,14222,1.37898,82.6,3.9,-3,1224987,"34.859,2","63,0",31386,134628,33432,17.1,"7.842.377"
2014,"ITH4","Friuli-Venezia-Giulia",105.18,37.53,205.91,11.7,3.8,110.57,2366.8512856731,0.170987237182132,640.410734491258,5.44816682449484,35.3356859170782,0.375889477022766,1.72025439768522,11.6551298695882,13764,1.38614,83.4,1.9,-2241,1224984,"35.078,44","63,1",NA,136011,33127,18.3,"7.606.911"
2015,"ITH4","Friuli-Venezia-Giulia",109.86,42.59,207.96,12.03,3.81,75.67,1293.52614115349,0.451387121927493,274.042342981912,5.39748952040607,59.5225475909024,10.432322477823,1.80678409700099,11.4110772248762,14807,1.32621,82.8,0.3,-5904,1221664,"36.076,43","63,7",NA,135920,30987,18.5,"7.915.817"
2016,"ITH4","Friuli-Venezia-Giulia",113.27,45.34,208.59,13.62,4.08,75.44,1788.06934801687,0.930603342800445,375.480323867185,3.4023010044048,65.1905631310701,0.206317070422661,1.79505210679295,11.0523958806064,14091,1.34208,83.5,1.9,-3346,1216208,"36.556,63","64,7",29772,135820,31043,17.8,"8.304.550"
2017,"ITH4","Friuli-Venezia-Giulia",128.31,49.56,205.64,12.05,5.25,72.67,1711.11710095524,0.446075355085806,550.913097149584,3.36473087755245,71.2112438179557,4.38231375010509,1.81808673996291,10.8236883129788,14506,1.31574,83.5,3.3,-2334,1212809,"37.388,13","65,7",28859,140714,31357,16.9,"8.729.955"
2018,"ITH4","Friuli-Venezia-Giulia",122.11,38.42,220.01,13.21,4.03,71.33,1571.29316093422,0.620666405154368,323.585442755223,3.88746144276277,61.8331986656957,5.31996777323634,1.80402155229564,11.7115544141997,14476,1.28507,83.5,5.2,-318,1211155,"38.497,91","66,3",27874,138187,34028,14.4,"9.022.550"
2019,"ITH4","Friuli-Venezia-Giulia",108.5,36.7,211.53,15.14,5.61,74.32,1918.91794939655,1.34901453724094,567.749393107859,5.22143480339643,62.0221223111693,5.72053588739535,1.83951710457589,11.5122221802766,14318,1.25,83.9,2.2,-4198,1210414,"39.333,14","66,6",27018,140380,32117,13.7,"9.052.850"
2020,"ITH4","Friuli-Venezia-Giulia",101.11,35.32,214.89,17.63,6.92,59.24,1781.87702646373,0.347758714354539,549.750777619912,4.73224163845256,64.6760414012504,0.10315853521133,1.82130691867215,11.168659929134,16406,1.26309,82.8,3.5,-4706,1206216,"36.648,71","67,1",26021,139015,32840,13.4,"4.744.256"
2021,"ITH4","Friuli-Venezia-Giulia",91.65,32.01,222.11,16.66,7.4,54.71,1568.38716405784,0.206786282178125,326.537963136466,3.15433710725747,77.6928039471312,1.58941417922361,1.80286824337407,10.379525515673,16557,1.25008,82.5,2,-6863,1201510,"40.506,74","67,4",24609,137317,35119,16.2,"7.275.716"
2022,"ITH4","Friuli-Venezia-Giulia",80.8,35.48,230.72,20.8,7.63,69.1,1261.27340541883,5.49221206825162,215.292806317158,6.84422505706253,72.238956373349,6.66711986903777,1.75413883128518,11.5785470775635,15876,1.25815,83.1,6.9,-399,1194647,"42.724,39","68,5",24084,135991,33416,13.5,"9.350.522"
2023,"ITH4","Friuli-Venezia-Giulia",77.67,32.98,218.12,17.66,6.73,67.6,1830.40349866221,0,581.53897982041,5.03037540493281,58.0008076468592,5.28071400788927,1.78137092064916,11.6634871688229,NA,1.20954,NA,NA,NA,1194248,"45.011,36","68,7",NA,NA,NA,11,"9.946.875"
2000,"ITI4","Lazio",273,105.6,89.2,636.5,38.8,167,960.420807897714,0.864830216371613,195.308156318477,8.4801964558769,25.7286584885492,0.301656557948182,2.28920424062645,14.0539680450453,47260,1.2,79.7,-0.9,-2979,5119323,"138.118,4","52,7",142682,673586,236434,22.7,NA
2001,"ITI4","Lazio",305.1,122.7,116,856.7,48,166.1,763.278821473438,2.81005614791568,35.0121885642014,12.6101901128965,25.3078503939504,0,2.42442931261536,13.8742393024455,47114,1.17,80,NA,NA,5116344,"146.723,44","53,7",136189,685157,238984,20.6,NA
2002,"ITI4","Lazio",293.1,111.8,106.7,812.6,45.4,165.3,1084.14686236633,4.70402518786608,250.342916783044,10.4622217481751,22.0161127888973,0,2.23994833199844,13.7602307640079,48135,1.20265,80.1,NA,21381,5117783,"154.428,01","55,6",144353,678261,249502,19.7,NA
2003,"ITI4","Lazio",264.3,117.2,80.3,748.1,35,156.6,909.909082845499,4.79842191462397,190.801362472468,7.55583987621534,37.3209883897518,7.48844969115858,2.32717042810417,14.1894682013831,51147,1.25985,79.9,NA,47174,5139164,"158.957,42","57,2",147390,673888,245443,19.8,NA
2004,"ITI4","Lazio",NA,NA,NA,NA,NA,160.5,1237.42276315605,0.517266879247588,227.442182921456,11.0873584425663,29.8162291512572,0,2.31311205550684,13.6505695915242,49350,1.29909,80.2,NA,54265,5186338,"169.325,8","58,7",145761,680253,271022,17.2,"28.094.505"
2005,"ITI4","Lazio",NA,NA,NA,NA,NA,123.3,1197.91652607624,0,271.361747215504,10.5823664417535,47.2973724372102,0.961471485888595,2.22417386343317,13.0122337394045,49615,1.27799,80.6,NA,36750,5240603,"174.185,75","58,5",147830,674674,274764,17.5,"31.709.665"
2006,"ITI4","Lazio",NA,NA,NA,NA,NA,103.6,761.400979303663,2.62143374670728,100.790559411653,12.1374320114916,31.9394912855567,0.198969913248311,2.18215650634078,13.7114862279451,48938,1.34504,81.1,NA,45576,5277353,"180.182,59","59,4",148624,684641,291636,16.9,"32.166.213"
2007,"ITI4","Lazio",308.8,113.1,89.9,779.2,36.4,113.3,794.764192534711,3.61584573905726,80.3507597737105,7.68854298467138,25.5376087698176,4.41053722752041,2.26697514977761,13.8920162157801,49959,1.34684,81.3,NA,71081,5322929,"187.849,02","59,5",149902,681844,296662,15.2,"32.107.593"
2008,"ITI4","Lazio",246.08,108.32,NA,774.08,38.18,NA,1287.94336379196,2.01923112547614,384.469889206306,10.7376027471904,22.4537895183659,0,2.31056352560259,13.9096538397574,51703,1.46539,81.4,NA,67989,5394010,"188.497,41","60,2",149925,685317,286045,14.9,"31.676.127"
2009,"ITI4","Lazio",246.58,110.72,89.11,760.69,38.19,NA,1174.54412839354,0.238536908277538,200.613367917045,11.6163324000764,25.6833617344255,0.978810691172897,2.33307578752218,14.0914721710826,53342,1.42571,81.4,NA,54027,5461999,"185.708,35","59,5",149424,685279,288423,16.3,"30.470.858"
2010,"ITI4","Lazio",234.66,104.01,91.41,752.41,39.14,105.28,1413.88243337737,0,322.369309616985,11.4802539077025,31.0113544247499,1.43531941794764,2.38073508508815,13.5493970059132,53756,1.43613,81.7,NA,47020,5516026,"187.670,32","59,1",151102,684256,260616,18.6,"30.696.554"
2011,"ITI4","Lazio",238.38,105.66,91.82,756.77,38.19,102.7,825.448308351005,2.06036177136767,214.188409922785,10.4362710879613,26.7347477760619,2.75700454578006,2.21637976815023,13.9884193530074,53978,1.46235,81.9,NA,42660,5563046,"191.721,43","58,8",150703,685152,295185,21.5,"30.680.979"
2012,"ITI4","Lazio",260.78,105.45,65.73,712.51,38.14,129.54,1077.14953276594,4.45076529834408,323.094834610441,11.99747599669,36.6931789479252,4.6300123647059,2.34525136044859,14.2891247826936,55914,1.43765,82,13.5,73058,5605706,"186.655,11","58,8",152252,686441,293882,21.5,"30.680.979"
2013,"ITI4","Lazio",283.33,132.5,63.11,706.58,34.42,NA,1231.37440799713,0,192.685716883296,8.81178302739879,29.1040644974923,3.29419069694703,2.27378576799272,13.827022385083,54314,1.42769,82.8,8.3,45191,5678764,"184.287,17","57,7",153235,689901,268863,23.3,"30.680.979"
2014,"ITI4","Lazio",281.65,137.29,63.89,685.53,29.64,98.48,1255.98677832081,0,238.74816790678,13.0898330889745,14.6950699688261,0,2.26070792047762,14.299497395598,54937,1.397,83.1,4.5,21974,5723955,"184.996,56","58,8",NA,693990,275823,24.3,"30.808.575"
2015,"ITI4","Lazio",286.99,140.5,63.33,684.7,30.15,82.51,983.181573919206,0.401967275383825,287.519629495396,14.7351656151712,21.099311735838,7.79435426112416,2.22782725568267,14.5245339180244,58388,1.36252,82.7,1.1,-3953,5744899,"185.551,06","59,0",NA,696844,265447,23.8,"31.679.914"
2016,"ITI4","Lazio",284.94,129.57,62.98,703.23,31.85,83.21,1097.05466931983,0.538544147287898,170.927861623617,12.0234142946835,18.2442282780955,0,2.30870334075834,14.3578654751345,56838,1.36531,83.2,3.2,9652,5761508,"193.396,16","59,9",147231,697857,270235,22.5,"32.139.499"
2017,"ITI4","Lazio",281.35,117.7,54.36,727.83,25.74,82.88,846.276512230072,5.24192228874547,270.380014521439,12.3822447843497,29.3895869492184,8.7998217698569,2.39713230776385,14.2723197381665,59951,1.30127,83,2.4,-1431,5774092,"196.334,97","60,9",142918,706112,269147,21.7,"33.808.209"
2018,"ITI4","Lazio",265.18,116.89,55.3,717,27.28,84.28,1377.83533751222,0.0397958820466462,367.608365030559,9.74538123868592,21.089618018575,0.541216701056684,2.28883912427657,14.6644499493748,57289,1.25317,83.6,-0.4,-17611,5774606,"199.257,86","60,9",138242,704727,272489,22.3,"36.684.847"
2019,"ITI4","Lazio",262.95,109.08,51.74,750.53,35.19,85.65,1252.83333084412,0,389.623437448294,13.6028641177174,21.1213052631078,1.53568381844111,2.3843016423203,14.5577214699005,56796,1.18,83.8,0.1,-17376,5773076,"201.976,72","61,2",134363,707507,289227,20.5,"39.029.255"
2020,"ITI4","Lazio",267.29,115.38,50.73,751.59,36.21,84.77,1037.03268657501,1.06185492233061,342.520641845633,13.3300560161682,17.7703918144203,1.71365070795283,2.21011730893327,14.4494786420708,62393,1.17899,83.1,-0.2,-25301,5755700,"185.933,5","60,2",131556,702131,299161,22.3,"9.391.122"
2021,"ITI4","Lazio",262.23,110.61,50.9,669.17,44.65,84.74,1095.41554425577,2.71417203858193,242.282627887701,15.5565537529976,26.3793399792841,4.22426282268789,2.36825242817745,14.3170294103156,63939,1.18183,82.9,2,-15517,5730399,"204.569,96","59,8",123980,697498,319518,21.6,"12.938.755"
2022,"ITI4","Lazio",264.55,124.87,49.29,642.03,42.07,84.22,861.280520678955,4.82151600911723,264.842273436578,19.2942577031641,21.9801571579916,9.69771117241949,2.23419084428465,15.2615770284046,64309,1.15827,83.2,5.9,5654,5714882,"227.666,97","61,8",120820,693268,353925,17,"35.947.152"
2023,"ITI4","Lazio",263.55,123.92,50.46,661.49,44.32,85.62,1058.22129943531,0.562328664158334,192.69727882614,11.9907471221021,17.6446898374375,9.12919998374566,2.26113130673387,15.0978992478675,NA,1.11122,NA,NA,NA,5720536,"238.561,3","63,2",NA,NA,NA,13.7,"45.727.169"
2000,"ITC3","Liguria",16.5,6,1.5,17.7,7.7,1.9,1419.17972959018,3.18992706579545,535.037649650771,3.37560231115914,17.7833253423624,0,2.52727639511646,13.3513074922172,21599,1.03,79.8,1,-8789,1587787,"36.569,67","59,4",33869,152271,39012,17,"15.469.184"
2001,"ITC3","Liguria",19.9,8.7,2.4,22.3,7.5,1.5,1100.89704579448,0.0775368680744651,219.265895318559,7.34878294010915,25.1445610125406,0.114837967184358,2.71259488162796,13.1069875546489,21353,1.06,80.2,NA,NA,1578998,"38.820,11","61,5",33915,152158,38872,16.2,"15.252.558"
2002,"ITC3","Liguria",21,8.6,3.2,20.2,7.8,1.4,1428.03062212883,2.96041711282776,383.518767329406,5.00436710723353,17.8541666699273,0,2.47821374004462,13.2383308788282,21444,1.09279,80.4,NA,-1959,1570152,"39.259,45","61,7",34251,154172,37707,15.1,"15.119.556"
2003,"ITC3","Liguria",19.2,7.6,2.7,21.1,8.7,1.3,948.210310715769,6.26534445530114,271.247828748724,4.86696764501911,29.3683610543877,9.57468262263144,2.6908682763355,13.4284234494159,22936,1.10598,80,NA,4717,1568193,"40.888,49","60,5",35724,157427,37394,15.5,"14.769.598"
2004,"ITC3","Liguria",NA,NA,NA,NA,NA,1.1,1009.8924096809,3.11532414813246,152.516228309528,5.93264313207901,24.644968974134,0,2.61960963024238,12.8305928270005,20473,1.17594,81.2,NA,7703,1572910,"42.451,55","60,6",36223,157208,38774,13.7,"14.214.124"
2005,"ITC3","Liguria",NA,NA,NA,NA,NA,1,943.262364921326,5.11811554719156,115.582249302916,5.62103960688472,42.1837255513667,0,2.4911078708333,12.4772292774279,21322,1.19062,81,NA,287,1580613,"43.691,96","61,0",36328,157936,39211,14.2,"13.832.991"
2006,"ITC3","Liguria",NA,NA,NA,NA,NA,1,974.318228667195,3.11565754983486,259.775175781059,6.21218731616357,26.7951362582335,2.89461305965143,2.54123751857084,13.3266335598042,21092,1.2416,81.4,NA,-86,1580900,"45.033,18","62,1",36857,160308,38516,13.5,"14.212.325"
2007,"ITC3","Liguria",18.7,7.5,3,22.2,8,0.9,775.994884860531,5.81203081654281,136.087920197603,4.74345710014477,16.6686394380706,0,2.5677330306697,13.3006751409639,20999,1.28115,81.6,NA,2635,1580814,"47.582,14","63,5",37096,161668,39056,13.4,"14.170.265"
2008,"ITC3","Liguria",17.86,6.86,NA,22.14,8.3,NA,1412.15373227422,0.538200368021158,356.622827799532,5.33974802835574,21.1988465808593,0,2.60201720269382,12.9820188119646,21671,1.34925,81.6,NA,6353,1583449,"48.657,52","63,6",36671,163566,38674,12.9,"14.130.514"
2009,"ITC3","Liguria",17.76,6.97,2.88,21.59,8.34,NA,1376.22469896996,0.50089634132093,493.473530983066,6.42041087742015,29.1838295895602,0.577622412647779,2.60261216254418,13.3005159833747,21829,1.35608,81.7,NA,1735,1589802,"46.305,02","63,2",36562,163472,40212,14.4,"13.952.944"
2010,"ITC3","Liguria",15.97,6.19,2.96,21.79,8.52,0.71,1587.69768315361,0,455.757945469621,8.19650328931263,43.2236433257995,0,2.63747235017232,12.175152910322,21474,1.3527,82.1,NA,1056,1591537,"46.095,03","62,7",37191,164357,35661,16.1,"13.754.235"
2011,"ITC3","Liguria",16.74,6.52,2.97,21.78,8.33,0.57,1061.69403997149,0.615251055161461,365.346463108001,5.12838941082659,20.3442703516486,1.57321893163364,2.51827687455932,13.5298102441968,21488,1.33049,82.1,NA,-2497,1592593,"47.152,06","63,0",37354,166203,38400,15.4,"14.060.622"
2012,"ITC3","Liguria",13.94,5.01,0.96,16.52,15.32,0.48,1214.4070745863,0.424015285733148,328.538571220065,7.58715923584595,28.5350382531059,3.074430370978,2.71539659760485,13.2341233909547,21736,1.3835,82.3,4.6,-2774,1590096,"46.307,27","62,0",37413,165424,37702,17.7,"13.401.547"
2013,"ITC3","Liguria",10.28,3.49,0.85,13.7,13.76,NA,1587.37945999026,0,395.799616225226,4.90429294243049,29.0644097301422,0,2.63826800369896,12.8763963514069,21681,1.34562,82.5,2.3,-7000,1587322,"45.756,25","60,6",36900,165525,35673,21.1,"13.149.699"
2014,"ITC3","Liguria",13.78,3.48,0.86,10.68,5.73,NA,1801.68131142544,0,561.939902781698,7.28239222371344,9.49456283672749,0,2.49036982945115,13.8289639722307,20655,1.35058,83.3,0.8,-8676,1580322,"46.573,51","60,7",NA,165581,35659,21.6,"13.474.247"
2015,"ITC3","Liguria",19.52,4.7,1.26,16.76,4.94,0.42,1015.37395811887,0.230331014968266,211.759808522548,8.21431874484745,15.1708488432932,5.72928189129763,2.51502473663165,13.9979220381962,22468,1.31612,82.7,0.1,-12210,1569427,"47.179,51","62,4",NA,165698,33939,20.5,"14.328.278"
2016,"ITC3","Liguria",19.27,4.34,1.54,16.91,5.8,0.4,1231.13030498,1.26747347033976,398.461920087234,5.86659265264923,16.3239690760245,0,2.6313239302465,13.6684781680513,20853,1.31264,83.6,3.3,-5746,1557742,"48.068,02","62,7",34509,163631,33843,17.6,"15.052.324"
2017,"ITC3","Liguria",16.43,4.83,2.51,9.26,5.34,0.38,869.799139160109,4.77391892380325,180.298110799638,6.54954444425612,22.9219044964137,3.10961492530354,2.6230205798146,13.7346985495353,22134,1.29024,83.2,2.7,-8326,1551379,"49.129,73","62,4",33400,167806,34263,20.9,"15.531.610"
2018,"ITC3","Liguria",17.15,4.69,2.39,8.2,6.14,0.37,1493.45526775531,0,402.116830164343,5.90735614178261,20.391714909841,7.47128214907314,2.63581064913656,14.0552368312492,22238,1.24387,83.1,4.4,-6341,1541541,"49.293,35","63,0",32611,168249,35644,19.8,"15.183.243"
2019,"ITC3","Liguria",15.22,3.19,1.9,9.05,8.07,0.37,1458.73431455595,1.57386962706268,523.251052858368,7.56721083250503,17.5827613051514,7.69050173755915,2.6766866760772,13.9937852447742,21354,1.21,83.5,2.9,-8154,1532980,"50.105,22","63,3",31568,168708,33379,17.7,"15.074.888"
2020,"ITC3","Liguria",15.14,3.34,0.86,25.72,7.73,0.36,1211.86908245773,0.0768861850893469,300.059097327721,5.71040505096854,13.9802535383105,0.346476947648521,2.55649449987109,13.8781011701824,25733,1.22796,81.9,7,-6331,1524826,"45.221,63","62,7",30566,166028,34160,20,"8.568.423"
2021,"ITC3","Liguria",13.9,2.66,0.93,24.28,9.11,0.34,1110.25364556468,1.61524448053758,243.804490108119,6.93973629021181,20.3503166636214,3.3808389855252,2.66613076032201,13.5396151388664,22562,1.2095,83,3.1,-9268,1518495,"49.519,36","63,5",28389,164165,35937,19.6,"11.791.468"
2022,"ITC3","Liguria",11.8,3.04,0.87,11.52,9.96,0.35,889.533509558424,5.65352379982835,129.562848952688,11.0787262947988,14.1350121733041,11.807138245684,2.44021512607181,14.8627165358914,23914,1.19904,82.8,9.2,-1591,1509227,"53.347,56","66",28259,161656,35858,14.8,"15.469.705"
2023,"ITC3","Liguria",11.93,3.05,0.78,9.95,8.75,0.33,1119.03304681235,1.42531591671224,292.619054570631,6.66125160252776,13.3658337481551,9.27400085241102,2.59527408023814,14.6493957785141,NA,1.17021,NA,NA,NA,1507636,"57.304,27","67,4",NA,NA,NA,11.3,"16.084.210"
2000,"ITC4","Lombardia",1609,576,3809.2,91.2,50.6,431.6,1515.30478175634,1.42702867176776,488.411017808788,3.8935170338666,74.9702788354874,0,1.55354579545654,10.512236724348,83615,1.21,80.2,3.6,32936,8971148,"259.861,46","62,6",230254,981177,240029,10.1,"22.839.872"
2001,"ITC4","Lombardia",1867.4,650.6,3578.3,85.7,45.8,438.5,1167.14578347213,0.417788326170514,167.387353913676,8.61567826653621,79.214365153894,0,1.5217820362624,10.3331949196424,84368,1.22,80.3,NA,NA,9004084,"273.359,12","63,8",237577,995637,240661,8.9,"24.569.039"
2002,"ITC4","Lombardia",1760.1,616.6,3928.8,83.6,49,463,1593.24542559693,2.16584220148932,500.783678792821,5.81910479095029,70.8250484125453,0.133196810091786,1.52371385732815,10.5438060448809,85482,1.25659,80.5,NA,48386,9033909,"285.311,63","64,7",242221,1010086,252474,9.2,"25.605.809"
2003,"ITC4","Lombardia",1738.3,620.2,4155.5,82.4,57.4,454.1,891.004020873609,7.71224323327791,163.167412298558,4.92095539934718,87.2299796423558,10.1713118475056,1.55871930782231,10.9201365087614,89822,1.27253,80.2,NA,91206,9082295,"294.774,47","65,3",245261,1009861,266017,8.6,"25.972.014"
2004,"ITC4","Lombardia",NA,NA,NA,NA,NA,477.3,1118.60104053224,2.19770065640698,181.645877572189,5.74011892537738,80.3137768163287,0,1.5566620026122,10.1920099372326,82585,1.36328,81.2,NA,126334,9173501,"304.986,85","65,5",252650,1030348,266845,11.9,"26.473.149"
2005,"ITC4","Lombardia",NA,NA,NA,NA,NA,465.2,1021.5473946848,5.32727467293338,163.194468959861,7.18498123903451,98.3716648635291,0.488355368785238,1.52403607234825,9.92573029390411,85585,1.36555,81.2,NA,70992,9299835,"313.487,64","65,5",257010,1039686,266459,11.6,"26.494.968"
2006,"ITC4","Lombardia",NA,NA,NA,NA,NA,457.5,962.237446474698,4.03829775238014,171.378879820403,7.21755097912472,82.4158240748485,2.64540953114473,1.48884295743587,10.6828302602283,84834,1.43011,81.7,NA,60714,9370827,"323.237,6","66,5",261016,1059440,259683,10.8,"27.021.759"
2007,"ITC4","Lombardia",1692.6,594.5,4132.3,94.2,52.3,456.2,999.671018490857,2.03843538199068,226.210433323167,5.11530955931996,62.1853461448158,2.35567411976981,1.53940747700372,11.1863633130304,85465,1.47119,82,NA,85936,9431541,"336.925,84","66,7",263972,1087012,267105,10.9,"28.648.519"
2008,"ITC4","Lombardia",1677.51,588.87,NA,94.77,53.95,NA,1524.53146032787,0.238369616893691,315.422639440603,5.79943320700562,66.7922830370819,0.044470011981104,1.54350875062813,10.7377309809502,89755,1.53118,81.9,NA,86327,9517477,"349.924,16","66,9",265542,1105913,274415,12.6,"28.303.505"
2009,"ITC4","Lombardia",1661.59,603.99,4076.08,90.67,54.34,NA,1277.46833056452,0.685770318780602,321.855499598477,8.1648652336068,78.7176149731649,0.405552251742527,1.56584769448711,10.8339629281384,89567,1.55805,82.2,NA,66810,9603804,"334.011,08","65,7",267924,1120714,275899,14.2,"29.456.808"
2010,"ITC4","Lombardia",1553.22,551.31,4152.7,91.76,55.54,437.65,1642.79832640919,0.0146211418853888,466.012342698294,7.96555933664985,89.8412501712673,0.278816874256024,1.53912871037358,9.6850314141501,90165,1.56072,82.6,NA,75499,9670614,"349.558,26","65,0",273988,1146541,257804,15.6,"31.126.864"
2011,"ITC4","Lombardia",1578.98,558.63,4164.45,91.28,54.14,325.1,1076.29323365392,1.02154618516416,262.90018337157,5.52543736915379,72.9300617198069,3.17491410515827,1.43570456399575,11.0859761827459,89068,1.51751,83,NA,64898,9746113,"357.748,38","64,6",276214,1163224,283594,15.1,"33.123.562"
2012,"ITC4","Lombardia",1409.83,514.04,4055.51,86.11,75.6,306.02,1255.9610234854,1.27653624462251,242.510140506114,8.6258574353115,87.6610935197817,3.73284424484962,1.55438435395112,10.7110856915494,93757,1.50726,82.8,7,66530,9811011,"351.389,95","64,5",279048,1166159,285972,16,"33.366.636"
2013,"ITC4","Lombardia",1364.65,480.13,4055.23,106.65,109.88,NA,1551.91880680783,0.0147562193559059,376.677834361166,5.15731356398411,76.1104471592894,2.09394354392601,1.52996114301272,10.4676323930224,91264,1.47381,83.5,5.6,52228,9877541,"348.117,43","64,8",278330,1178677,260734,18.3,"33.960.641"
2014,"ITC4","Lombardia",1431.74,519.61,4053.16,120.54,104.55,285.32,1723.67168960313,0.308531789346628,402.546528810659,8.54622714831039,51.9979543276704,0.0448701760557292,1.48424122417931,11.3710807959376,90461,1.46174,83.9,3.3,29218,9929769,"355.346,81","64,9",NA,1191983,274130,18.2,"34.293.526"
2015,"ITC4","Lombardia",1430.53,518.41,4046.57,113.26,103.63,266.56,1068.93074115515,0.420441854055095,184.091025374465,10.0563403251902,63.5359371415411,6.90845490374367,1.51328539377668,11.5137208766795,99470,1.45169,83.2,2.1,5734,9954769,"362.329,59","65,1",NA,1205847,266533,18.6,"37.857.240"
2016,"ITC4","Lombardia",1459.47,512.16,3908.46,116.68,104.5,366.21,1290.9965243754,0.86451892514881,256.572285664411,6.63697784279516,64.6663010809117,0.352530851781247,1.51691955843171,10.974730068129,94301,1.43338,84,2.3,10817,9958447,"373.037,53","66,2",264986,1203634,283783,16.9,"37.194.096"
2017,"ITC4","Lombardia",1451.67,506.9,3994.02,120.19,112.64,350.04,1110.60401208428,1.59968806751562,292.205624552753,6.1892635829902,79.7730520691152,4.20968875047922,1.56141315142133,11.1640358511571,99335,1.40535,83.8,3.7,17092,9970419,"383.032,58","67,3",257571,1233778,290689,15.9,"39.385.960"
2018,"ITC4","Lombardia",1478.16,529.76,3988.23,118.84,112.41,336.76,1336.09181482317,0.338649416113538,217.200013497977,5.73955154083262,62.338471812942,0.516667345747218,1.48545526793877,11.4684237421037,99542,1.36258,84,4.8,24316,9986962,"393.500,34","67,7",251775,1239311,308631,15,"39.115.354"
2019,"ITC4","Lombardia",1547.03,577.55,3984.63,125.09,111.65,332.51,1490.15580457845,1.10969575535583,401.051488242373,8.71392195789772,69.5390501084739,3.64526153992649,1.60588569928149,11.4526221943299,99983,1.33,84.2,4.4,16769,10010833,"397.959,74","68,4",246109,1243753,323907,14.7,"40.482.939"
2020,"ITC4","Lombardia",1549.99,570.58,3983.45,173.38,106.64,324.34,1283.36665629367,0.316868461649081,456.859277590961,6.97403824294711,64.4741694098835,0.663824303045192,1.49088339407136,11.339250235211,135595,1.2662,81.4,2,-46048,10027602,"372.986,08","66,9",240978,1238745,358190,17.5,"15.529.134"
2021,"ITC4","Lombardia",1545.02,565.95,3955.54,150.32,102.92,326.99,1186.80224124446,0.961112259831102,267.820462998902,7.8381393573312,74.8782130690131,0.449607254664156,1.561561176625,10.6385581806003,107820,1.27366,83.6,0,-38550,9981554,"423.767,66","66,5",226402,1227319,359350,18.4,"25.120.583"
2022,"ITC4","Lombardia",1538.47,604.2,4427.41,137.12,94.48,324.69,928.540470860995,6.4907367576346,135.778818050212,11.2821230562338,61.8251504582299,4.95597767692655,1.55221836596264,12.140090840177,112049,1.25126,83.4,7.8,33505,9943004,"457.232,64","68,2",224513,1229698,372660,13.6,"38.971.545"
2023,"ITC4","Lombardia",1535.56,572.74,4589.04,126.69,86.4,329.02,1280.04353050283,1.9806027979033,353.400593682559,7.67543240046195,55.9757538985867,5.98315993306897,1.55365363950076,12.0813128338062,NA,1.21086,NA,NA,NA,9976509,"490.132,1","69,3",NA,NA,NA,10.6,"41.795.073"
2000,"ITI3","Marche",78.8,24.2,147.8,162.8,6.9,226.1,676.29310338532,4.36743642169777,76.4122589902809,7.14925623088751,22.6360783265287,0.0943421256774237,2.48642030229529,14.1370503456192,NA,NA,NA,NA,NA,NA,"30.136,09","61,9",36817,171408,60959,NA,NA
2001,"ITI3","Marche",84.3,26.7,207.5,166.4,5.5,229.1,762.360645535853,1.29060817314705,124.100538665028,11.2722836557151,23.0384423044393,0,2.71171503726914,13.864590743372,14714,1.15,81.7,NA,NA,1446785,"31.775,19","62,5",37911,171522,61357,NA,NA
2002,"ITI3","Marche",86.1,26.2,182.7,165.8,6.3,229.7,1004.76172175204,0.690038936789022,246.039826682223,8.73942754076197,19.5194615527407,0,2.43873025590986,13.8191277797023,15038,1.2167,81.8,NA,10667,1453413,"33.447,67","63,6",38203,173526,61868,NA,NA
2003,"ITI3","Marche",78.8,23.7,153.8,185.3,7.1,225.6,693.776158064172,4.87369749753857,72.3954470305641,7.22386300641487,36.815235549649,2.78015168164323,2.52203559157313,14.0036678901825,16157,1.22103,81.5,NA,17038,1464080,"34.308,06","64,1",39050,174543,62539,NA,NA
2004,"ITI3","Marche",NA,NA,NA,NA,NA,229.4,972.166054294385,0.0628947504516158,186.827803705244,9.78062062790042,26.5442009962342,0,2.53674986012394,13.5759347183127,15125,1.26752,82.1,NA,11985,1481118,"35.779,47","63,9",39871,175982,62483,NA,"12.853.376"
2005,"ITI3","Marche",NA,NA,NA,NA,NA,219.7,1067.31413566248,0,287.343383117786,9.81708888397075,46.6966745817824,0.408042768603364,2.50456093827928,12.7472216422008,15351,1.28227,82.3,NA,8788,1493103,"36.831,21","63,5",39874,176974,61695,13.6,"12.497.502"
2006,"ITI3","Marche",NA,NA,NA,NA,NA,203.4,706.967069141892,1.28186910666395,95.4434701707629,11.11197845222,27.6683101254361,0.21961861032646,2.44038433310364,13.5793119447809,15606,1.32323,82.5,NA,6090,1501891,"38.911,21","64,4",40359,179497,60132,12,"13.048.927"
2007,"ITI3","Marche",78.7,23.9,164.8,188.5,6.3,208.5,680.41148898936,5.16572660930428,76.041680577784,5.9075186218231,16.6390043880335,5.84831311812967,2.58319564900666,14.1438502579302,15801,1.36102,82.8,NA,17293,1507981,"40.627,28","64,8",40293,181188,59994,11.4,"13.584.582"
2008,"ITI3","Marche",74.53,21.5,NA,187.08,6.65,NA,869.274845605913,1.02951998906616,222.867137183608,9.2343239387739,18.9666873248998,0,2.49899909021939,14.0228138920044,16224,1.41987,82.7,NA,15980,1525274,"40.402,78","64,7",40835,183208,58692,13.2,"11.478.362"
2009,"ITI3","Marche",72.73,21.77,164.41,182.77,6.69,NA,964.880779253955,0.0626376460535967,171.751328134077,10.4214180347016,22.5312869934583,0,2.5608776032692,13.9838889957014,16154,1.43338,83,NA,5546,1541254,"39.323,25","63,6",41049,183967,56783,16.1,"10.701.166"
2010,"ITI3","Marche",65.26,19.33,166.21,182.01,6.83,168.52,1105.93998680595,0,256.329964883841,11.8178322797064,29.8849741122644,0.720584968198731,2.48007653241218,13.2444558397566,16222,1.41411,83.5,NA,2816,1546800,"39.430,94","63,7",42267,184767,52685,13.9,"10.792.486"
2011,"ITI3","Marche",67.87,20.54,167.15,182.45,6.72,165.46,718.52581744662,2.12462807872784,184.442355822186,10.8045288961596,22.3894911556284,2.43603741317824,2.43061027315025,14.0904165998394,16412,1.42111,83.5,NA,394,1549616,"40.101,89","62,4",42077,185492,54900,15.4,"11.024.248"
2012,"ITI3","Marche",48.9,23.16,203.23,130.11,4.58,179.89,893.565833601306,1.78694552793232,226.772737408552,10.4116526665267,34.7889730437625,5.16552249907313,2.58958718275214,14.1801335251263,17116,1.3839,83.4,3.6,1658,1550010,"39.243,68","62,6",42323,182154,53552,17.6,"10.925.958"
2013,"ITI3","Marche",96.39,53.15,181.07,136.55,4.18,NA,1083.98406609849,0,229.630734106379,9.03800187950243,26.4926259014414,2.3153845971024,2.4829916536528,13.5676070856439,16870,1.35177,83.6,1.3,-2190,1551668,"38.722,87","61,1",42646,182247,48936,20.2,"11.017.961"
2014,"ITI3","Marche",46.42,18.07,201.27,144.95,2.81,169.29,1044.06440866866,0,199.658793163263,12.2816512758694,8.69538503729789,0,2.43125290687955,14.2616492249854,16826,1.35556,84,1.4,-2342,1549478,"39.638,75","62,4",NA,181977,50514,20.3,"11.354.343"
2015,"ITI3","Marche",46.81,18.06,202.47,144.97,4.96,154.27,903.096851377174,0.0939567672158558,296.803302925949,14.9159608266586,18.2263575933289,4.2517072828769,2.47674155411783,14.3595099488685,18206,1.33743,83.3,-0.5,-7044,1545869,"39.890,41","62,1",NA,182676,47252,19.8,"12.144.715"
2016,"ITI3","Marche",50.29,19.42,190.13,148.22,6.16,158.34,993.02758214138,0.251706058444624,219.33363799846,11.1463036026473,16.1423537173358,0,2.53389450682022,14.0703030985061,17322,1.32457,84,0.1,-5697,1538442,"40.630,63","62,2",40120,182753,49622,19.2,"12.097.530"
2017,"ITI3","Marche",58.46,18.13,192.7,157.82,19.35,150.07,827.40897856932,2.00270761149299,209.546770149476,10.7017146168556,27.7890911882161,6.22786370425802,2.62513064866383,14.2389164092319,18449,1.26097,83.6,1,-6302,1532460,"41.526,18","62,2",38902,184574,50379,19,"11.131.617"
2018,"ITI3","Marche",53.6,14.98,183.87,156.92,18.62,152.2,1003.65284395956,0,196.856355015047,10.1084489539773,21.4334808522179,0,2.42042054069081,14.3449894109175,17175,1.22736,84.4,0.3,-6482,1526331,"42.233,76","64,7",37445,185576,58041,16.6,"9.656.538"
2019,"ITI3","Marche",58.19,15.53,183.48,151.06,16.05,142.22,920.044475654132,0,221.279875910478,12.4936138286959,18.3432744293933,1.47403644184958,2.58271891908156,14.4875819705287,17442,1.19,84.4,0.1,-7649,1520321,"42.924,5","65,0",36342,184765,51051,15.3,"10.370.800"
2020,"ITI3","Marche",56.91,15.16,183.82,150.31,15.95,142.22,777.860553623702,2.80113849836397,223.089387090661,11.9660052721312,15.770789967415,0.56605095792646,2.51143577637174,14.375812349511,19967,1.19117,83.2,-2.6,-14436,1512672,"39.603,4","64,1",35168,183115,50848,17.6,"7.670.124"
2021,"ITI3","Marche",56.71,15.27,164.72,145.51,15.13,142.22,800.526302046536,4.46963655298641,194.650347740877,15.0228383287764,23.9789249364413,1.06405438139512,2.61540041505174,14.1360912386394,19730,1.19617,83.2,-0.4,-11086,1498236,"43.167,03","64,1",33197,180781,58724,16,"9.623.489"
2022,"ITI3","Marche",49.79,15.55,150.32,137.03,8.16,129.99,709.321938558921,4.78398917694928,188.062763817988,16.4058128280874,20.2607875601943,2.44465659537794,2.46764240515128,14.888921436623,19615,1.15855,83.4,5.4,-2852,1487150,"46.273,24","66,8",31851,179795,49463,13.1,"10.600.496"
2023,"ITI3","Marche",52.26,16.32,147.45,131.09,7.2,128.18,947.698188887039,0.0619916178454101,290.081320398168,12.4133184562884,14.5550255331256,4.91119542300649,2.63718086067196,15.0171684219175,NA,1.16928,NA,NA,NA,1484298,"49.206,18","67,4",NA,NA,NA,10.6,"10.660.677"
2000,"ITF2","Molise",57.1,25,47.4,113.2,10.3,100.1,720.427858492433,2.47174805662305,140.401842515927,11.4309227836594,29.7248179289601,1.94441426524641,2.28895910376081,14.0038482449657,3459,1.15,80,-1.6,-1304,322772,"5.422,14","51,8",8741,44078,7605,24,"638.320"
2001,"ITF2","Molise",60.1,28.3,56.6,119.3,10.2,100.3,641.5259185294,5.06177546292978,45.4455043394344,13.3529872654509,29.9588696567819,0,2.52195005597461,13.74138399782,3365,1.12,80.6,NA,NA,321468,"5.698,15","53,0",8453,44288,8158,21.3,"699.312"
2002,"ITF2","Molise",60.1,25,53.3,111.9,10.4,97.9,922.062772568519,2.82749980612266,200.035394580032,10.8147274924995,25.4255689468033,0,2.25467352438239,13.5794300013685,3402,1.14625,80.8,NA,191,320190,"5.833,97","53,3",8554,43881,8641,21.6,"717.039"
2003,"ITF2","Molise",60.7,26.5,52.2,171.8,9.7,91.2,935.281138167131,3.23769969573219,285.106565877432,9.24516181857602,41.3814254472738,0.768694905347752,2.31885686576448,13.5918013090335,3552,1.15633,80.6,NA,-22,320381,"5.949,02","51,8",8449,43223,9720,22.1,"769.334"
2004,"ITF2","Molise",NA,NA,NA,NA,NA,94.9,1076.81557225488,0,274.412462102712,12.9941726489764,33.9019033075274,0,2.30857272249555,13.3275853443637,3456,1.14378,80.6,NA,-631,320359,"6.191,92","52,1",8358,42795,10341,20.8,"754.964"
2005,"ITF2","Molise",NA,NA,NA,NA,NA,78.6,1060.78678513962,0,221.358189305795,11.2768822453833,51.211462531669,0.708987546072016,2.2889874833587,12.649611638612,3556,1.14769,81.1,NA,-1276,319728,"6.343,79","51,2",8223,41965,10437,20.8,"747.805"
2006,"ITF2","Molise",NA,NA,NA,NA,NA,78.2,816.899609191213,1.00022841967616,148.693144332754,14.1910707319485,32.3731945247981,0,2.24044977040525,13.1263725227515,3599,1.14336,80.9,NA,-1115,318452,"6.748,77","52,4",7939,41423,10730,19.7,"742.536"
2007,"ITF2","Molise",59.2,25.7,53.4,164.4,9.3,77.1,739.341428069055,5.11644752767628,86.0473857484457,8.80810680129029,24.9497250469039,8.83391122011321,2.33671454879565,13.8000174448197,3425,1.17784,82,NA,320,317337,"7.015,45","53,6",7739,41028,10604,18.8,"652.171"
2008,"ITF2","Molise",57.05,24.83,NA,162.3,9.68,NA,975.225063042621,0.649049519600329,286.437817411883,13.0192629152992,24.3628910210239,0,2.32695896248479,13.8682118883967,3555,1.18736,81.5,NA,-575,317657,"6.901,47","54,1",7773,40407,10875,19.4,"659.205"
2009,"ITF2","Molise",56.36,25.38,52.96,158.38,9.7,NA,1186.03106504146,0,269.344638896993,10.9131768073017,26.8362379979849,0,2.32965964861517,13.7137837573357,3474,1.13559,82.1,NA,-1143,317082,"6.723,9","52,2",7419,39624,12323,19.7,"602.526"
2010,"ITF2","Molise",50.85,22.55,53.87,158.04,9.92,56.44,1058.66368302702,0,245.257524580675,12.1318403129566,32.3725159952826,0,2.35182747802329,13.3396778895327,3469,1.23405,82.2,NA,-1123,315939,"6.688,44","51,0",7797,39048,9720,19.9,"559.245"
2011,"ITF2","Molise",52.47,23.29,54.25,158.24,9.74,70.35,727.681166815673,1.47128785033982,175.26436656777,13.6235080726534,25.5960268226212,0.177076414580803,2.24147481313697,13.7480953715436,3632,1.19448,82.3,NA,-900,314816,"6.700,01","50,3",7708,38361,8613,22.9,"680.523"
2012,"ITF2","Molise",49.01,18.23,29.24,78.04,7.04,71.35,872.618726913613,3.00046019758566,250.697004517235,13.5772346883637,38.6177557443601,2.41065785707053,2.40720500066034,14.19482292699,3627,1.19421,82.7,2.5,-508,313916,"6.490,27","50,6",7683,37577,8740,24.2,"540.050"
2013,"ITF2","Molise",50.57,20.09,30.18,71.43,7.9,NA,962.210263507558,0.175702538290494,235.675165546919,10.1203672340516,31.8437948903335,1.94554402836107,2.28477957871005,13.7278003559073,3561,1.1799,82.8,2.5,-511,313408,"6.078,4","47,6",7494,36920,8581,29.2,"451.400"
2014,"ITF2","Molise",49.63,19.91,21.88,81.87,7.95,71.13,1048.34011795635,0,198.152141827208,13.6527973565496,12.9439798315115,0,2.22615961962007,14.0384042696846,3561,1.1765,82.8,-0.1,-1377,312897,"6.009,55","48,5",NA,36301,8675,28.1,"419.597"
2015,"ITF2","Molise",48.83,20.22,21.9,81.97,8.63,77.99,968.466516618764,0.117135025526996,357.237936547672,18.8028827535278,22.2999745747756,3.71698669063822,2.25746779992237,14.1481485484623,3884,1.18189,82.6,1.2,-1321,311398,"6.128,39","49,4",NA,35823,7893,25,"492.018"
2016,"ITF2","Molise",50.91,19.39,22.49,83.17,9.58,71.59,958.52744913626,0.763211739801445,179.930773397764,13.1518451264583,20.2462094679183,0,2.33199018947908,14.0213188162317,3579,1.15923,83.4,-0.3,-1578,310026,"6.179,32","51,9",7156,34959,7957,26.3,"460.007"
2017,"ITF2","Molise",58.47,20.2,20.37,82.09,10.5,67.07,880.786500701316,1.12033736559137,262.396774409914,15.0342538452942,31.66625265067,7.30268086130847,2.45556211147832,13.7695191427329,3855,1.20144,82.7,-0.7,-1956,308400,"6.325,46","51,7",6792,36010,8008,26.1,"435.457"
2018,"ITF2","Molise",56.4,16.5,21.26,88.87,11.02,68.75,1223.82421180748,0,362.908634779524,12.3064713056321,20.8330289327563,0,2.24528953423365,14.2741803348517,3703,1.10607,83.3,-3.5,-2876,306564,"6.442,67","53,5",6668,35288,8850,25.8,"448.600"
2019,"ITF2","Molise",49.14,13.25,16.56,89.12,13.75,68.7,962.573092969783,0,212.230055157293,17.5751700552479,22.8938907213302,0.886063960652819,2.42738391315382,14.1065397062497,3663,1.15,83.6,-5.1,-3274,303790,"6.576,39","54,5",6466,34261,8305,24.5,"439.645"
2020,"ITF2","Molise",48.92,13.25,16.49,89.04,13.69,71.83,849.438525269587,0.585675127634979,289.276496277136,14.4532014199228,19.8900008703688,0,2.3261566944367,14.0286396556995,4049,1.06414,82.4,-13.1,-6222,300516,"6.136,66","53,5",6273,32939,8024,28.1,"331.966"
2021,"ITF2","Molise",47.87,11.42,17.26,84.31,10.61,67.86,876.316628274684,3.99816368295302,209.838309578315,17.6704140610738,25.4839169995283,3.83390449929775,2.41795759570582,14.0352190513045,4316,1.08199,81.6,1.7,-2144,294294,"6.854,19","52,3",6067,32619,8012,27.7,"456.011"
2022,"ITF2","Molise",40.72,14.7,19.11,66.71,8.42,49.15,801.415505157233,2.23655311970693,263.778652533709,20.0584209037128,25.4253427746469,0.886063960652819,2.28811476775306,14.6153542586001,4284,1.10002,82.2,3.7,-1514,292150,"7.278,97","54,8",5959,31955,7811,20.9,"415.257"
2023,"ITF2","Molise",39.9,14.81,20.14,58.45,6.4,51.15,945.889084021599,0.941205191320235,205.547219112653,14.906179859615,20.1876475696055,5.30541741108039,2.39783756855598,14.7348535930582,NA,1.10228,NA,NA,NA,290636,"7.749,6","56,9",NA,NA,NA,18.1,"494.786"
2000,"ITC1","Piemonte",819.1,270.5,924.2,88.2,46.2,NA,1684.47782510406,1.86300229018307,611.622255072715,3.80675232200161,92.9245682905837,0,1.42430397936281,8.92261973445426,48314,1.17,79.7,1.6,-5662,4225083,"99.693,14","61,0",99030,438956,92707,12.3,"8.093.001"
2001,"ITC1","Piemonte",860.6,304.5,951,97,42.9,398.2,1257.71524712983,0.0409405035309132,226.357474839825,7.86340947181938,95.3767431338368,0.20383754545348,1.47144289805718,8.79598399517107,46840,1.15,80.1,NA,NA,4219421,"104.025,68","62,0",100794,446140,97588,12.2,"8.699.397"
2002,"ITC1","Piemonte",858.3,284,989.2,88.2,45.1,410.1,1767.1987088832,1.62126428652869,600.867540458397,5.31168807987684,89.1591932922939,0.119801217012947,1.40818324167618,8.88328114987416,48288,1.19646,80,NA,9408,4212726,"107.464,89","62,4",101783,452710,89568,12.2,"8.592.395"
2003,"ITC1","Piemonte",863.6,272.2,957.1,74.8,43.2,411.2,1026.67782453729,7.16471896682142,182.282665827676,5.27011595508942,107.010391282248,9.20402603770999,1.46020228951136,9.07892401041011,50625,1.21685,79.8,NA,38520,4222134,"111.566,88","62,9",103762,448819,99735,11.4,"8.943.998"
2004,"ITC1","Piemonte",NA,NA,NA,NA,NA,418.8,1231.34222660101,2.96753851104227,230.590869189016,6.34676990117181,103.800421772515,0,1.46639385408892,8.49534017518687,46251,1.26487,80.7,NA,23832,4260654,"115.980,42","63,5",106055,461161,100307,13.8,"9.342.471"
2005,"ITC1","Piemonte",NA,NA,NA,NA,NA,417.2,1035.80940608962,5.27715291807902,128.109068164043,6.08983279775304,115.40109707449,0.564338300969237,1.43022807398512,8.24895242381399,48253,1.27384,80.8,NA,11717,4284486,"119.156,81","64,0",107530,468934,101924,13.5,"10.179.127"
2006,"ITC1","Piemonte",NA,NA,NA,NA,NA,421.5,1144.47726653584,3.6877988299891,271.087640762899,7.0682744417761,96.9182974364349,1.78070918578155,1.41542115257007,9.10035644501897,47400,1.32426,81.1,NA,9815,4296203,"123.909,96","64,7",108373,470599,99332,12.6,"11.063.326"
2007,"ITC1","Piemonte",830,270.3,977,88.5,41.7,429,1055.63108484467,3.92869395261916,157.890417841486,5.52998860919192,88.894129625035,0.460785618755793,1.46860667144439,9.20557021588127,47474,1.36583,81.5,NA,52255,4306018,"128.008,29","64,9",108977,480079,102897,12.3,"10.317.171"
2008,"ITC1","Piemonte",809.47,255.19,NA,89.31,43.35,NA,1675.54926544776,1.56026849336384,406.259556101255,6.19635321484976,93.932618868521,0,1.43375028525807,8.7663223534114,49310,1.40728,81.5,NA,30837,4358273,"128.396,71","65,2",109743,488186,107818,12.5,"11.558.330"
2009,"ITC1","Piemonte",794.9,259.98,966.56,85.61,43.49,NA,1453.18705088398,0.597391435086227,405.652566265706,7.10079343368108,102.697977086668,0.24347848700754,1.45011536661068,8.84949743027255,49767,1.41897,81.7,NA,12462,4389110,"119.814,09","63,9",110577,491994,111344,15.9,"11.593.822"
2010,"ITC1","Piemonte",795.66,256.45,984.82,86.86,44.49,425.5,1664.20750249162,0.0263429889713988,422.795135406997,8.41418104633421,120.535631105257,0.0398763481163359,1.43670864188775,7.68724114324698,48785,1.42455,82.2,NA,9315,4401572,"124.550,6","63,5",112736,502222,100467,16.9,"12.365.022"
2011,"ITC1","Piemonte",791.58,257.82,987.11,86.47,43.41,315.61,1302.91602792505,0.559027912645085,422.889963959946,4.73080168938759,91.931310563167,2.03861592098161,1.38257875183631,9.34998186154951,49061,1.42974,82.3,NA,5858,4410887,"127.658,9","64,2",113936,503894,107103,16.3,"12.845.074"
2012,"ITC1","Piemonte",809.49,285.63,962.91,102.76,66.02,304.55,1401.07990862385,0.354714638564496,308.334471377017,9.01526905051022,101.547136903732,1.53102023537238,1.47718346836852,8.87443236691593,50507,1.43468,82.4,5.1,9071,4416745,"123.364,91","63,6",115113,503754,109466,18,"12.415.037"
2013,"ITC1","Piemonte",778.04,246.8,929.56,119.99,76.46,NA,1647.57888491195,0.0267040955882811,389.622957477624,5.44102907295618,104.045896400178,0.367254659496264,1.44914551101506,8.42797718934247,50077,1.41096,82.7,2.2,-4892,4425816,"124.536,96","62,2",115484,504037,106832,22.5,"12.690.568"
2014,"ITC1","Piemonte",793.62,264.04,1072.5,114.03,74.76,287.84,1823.58885326416,0.107351438739382,409.570842118053,7.65411397383862,73.7179533712529,0,1.3754662725809,9.60353888161728,49412,1.40981,83.2,0.6,-12331,4420924,"124.277,62","62,4",NA,504942,111735,21.3,"13.061.306"
2015,"ITC1","Piemonte",790.94,253.59,1072.87,112.73,78.53,265.54,1272.94816321664,0.0802293517765808,208.67077222383,8.71946798853386,84.9335379786543,4.5618021029225,1.41361621090885,9.75304182691855,54076,1.37087,82.5,0.2,-20221,4403562,"126.868,33","63,7",NA,508316,106566,20,"13.681.316"
2016,"ITC1","Piemonte",837.31,248.44,1091.58,118.69,78.34,381.87,1478.93205848609,1.03618110806823,389.397191469985,6.37034840660636,89.7971983546899,0.359940178311227,1.45008932701767,9.26881380358623,50984,1.35721,83.3,1.7,-11720,4384226,"130.070,95","64,4",110035,504291,114967,20,"14.011.200"
2017,"ITC1","Piemonte",780.96,220.41,1090.3,121.15,69.83,372.77,1070.95377176836,2.78018898560935,190.950166270729,6.54934698879255,99.2969905178348,3.94012689463877,1.49241409750821,9.44714640144372,53541,1.34908,83,1.4,-16661,4370348,"134.450,31","65,2",107132,514219,120368,20,"14.900.497"
2018,"ITC1","Piemonte",804.6,212.68,1114.2,118.4,70.29,354.87,1769.08358804979,0.304753441112881,439.758373130075,5.77757275371604,80.5680438453848,1.5826665290151,1.4056845440135,9.75008492086204,53838,1.29684,83,1.2,-19459,4349911,"137.202,41","65,9",104105,515351,125570,17.7,"15.100.768"
2019,"ITC1","Piemonte",828.4,217.01,1121.72,119.79,77.05,345.94,1619.39373725353,2.50757430851982,532.003736680538,7.70072140766696,93.1552124369786,5.93609603212329,1.50645289028484,9.65166719655213,53137,1.27,83.3,1.8,-17348,4328565,"137.773,32","66,0",101081,517460,129600,16.5,"14.889.951"
2020,"ITC1","Piemonte",841.38,229.97,1135.46,124.72,78.37,342.86,1244.09706343871,0.202180905881145,276.474572995663,5.99304312388218,83.4997290286204,1.24062911472135,1.41082044118395,9.77046311742794,65883,1.2469,81.6,0.6,-36272,4311217,"126.659,44","64,6",97599,515338,134107,19.7,"6.636.012"
2021,"ITC1","Piemonte",822.04,230.36,1150.5,118.63,77.64,350.85,1236.21291995662,1.80254027202712,211.118053412761,7.84854909146196,93.9174354114072,2.47797800323293,1.45655577056426,9.18357645513356,56414,1.2454,82.8,2.6,-18595,4274945,"137.532,17","65",92066,508123,138178,19.2,"9.279.507"
2022,"ITC1","Piemonte",811.22,276.93,1183.82,122.89,76.53,347.37,965.215207016189,8.23399754475771,116.744772032121,11.1303074104146,79.8256143671473,7.17821200994562,1.43873045107674,10.7282949444527,58865,1.21599,82.6,6.6,-4999,4256350,"146.618,08","66,3",90052,509469,136614,15.4,"13.749.579"
2023,"ITC1","Piemonte",793.9,273.94,1387.44,130.55,67.41,349.57,1255.53405296105,3.42617440264793,237.446675432062,7.08447365268716,76.7981088832217,10.0898979716316,1.47698946656739,10.5265048814863,NA,1.17172,NA,NA,NA,4251351,"155.971,77","67,1",NA,NA,NA,11.7,"14.410.448"
2000,"ITF4","Puglia",158.3,74.5,27.1,218,52.1,465.3,475.626940435972,5.09874974408923,97.9536506310669,18.877639917744,3.78492455993629,0.763887152399209,3.6519204396578,17.0548782126949,32420,1.35,80,-4.6,-8833,4034887,"57.741,18","44,5",133767,612340,93311,31.2,"8.652.614"
2001,"ITF4","Puglia",185.3,86.9,26.2,267,57.7,470.2,450.61025410283,4.61384445417702,74.2268066300497,18.823726337334,3.54745523478601,0,3.86350325994153,16.8593665448927,31937,1.34,80.5,NA,NA,4026054,"60.256,97","45,4",134271,611829,105432,29.6,"9.304.332"
2002,"ITF4","Puglia",169.9,76.3,28,254.2,55.6,491,721.185132349804,2.78534311845162,138.738167135014,16.5851452910506,4.49340475549395,0,3.60286657334244,16.7585392461379,31843,1.30216,80.7,NA,4419,4020694,"61.762,07","46,2",132455,606594,106890,28.4,"10.260.701"
2003,"ITF4","Puglia",172.1,82,24.6,224.7,44.3,483.3,690.298850116629,1.15047867201256,224.269333447326,14.5664003058744,5.7483841126809,0.867760738781046,3.70099703354777,16.8696371166801,33615,1.30047,80.5,NA,9728,4025113,"63.357,2","45,4",134556,606320,108692,27.7,"10.702.634"
2004,"ITF4","Puglia",NA,NA,NA,NA,NA,487,737.479303491931,0,204.12294604078,20.7083597814878,5.42788975593642,0.0479869994408956,3.69981513804697,16.4279782052478,31066,1.34031,81.4,NA,13347,4034841,"65.368,56","45,1",132813,603399,119265,29,"10.395.189"
2005,"ITF4","Puglia",NA,NA,NA,NA,NA,479.6,741.516190908591,0,161.371083737089,18.0256684331988,8.21349036384585,0.143420413104314,3.66800087843289,15.8577685343347,33232,1.29481,81.2,NA,5592,4048188,"66.707,35","44,4",133351,595810,127196,30.9,"10.829.774"
2006,"ITF4","Puglia",NA,NA,NA,NA,NA,439.8,678.261579601732,0.254279584671468,171.341998236511,20.0898564068258,5.05128786715902,0.111781247963983,3.54640576101502,16.1330755591916,32738,1.28102,81.7,NA,3660,4053780,"69.588,47","45,7",130644,593739,126138,29,"10.320.781"
2007,"ITF4","Puglia",170.6,78.7,25.9,244.3,46,445.4,657.061263933442,2.37402735533863,135.32464880443,12.8758869204717,2.18606599338772,4.92168283911752,3.61014115959684,16.7759727179169,34588,1.31217,81.5,NA,13804,4057440,"71.316,68","46,6",126049,591213,123622,28.1,"11.481.603"
2008,"ITF4","Puglia",160.7,76.98,NA,243.91,47.99,NA,626.815920390666,0.0633826209471132,192.659761464189,18.7429911725209,3.4019059917936,0.380111909325113,3.7054870160217,16.8988275551299,34180,1.33168,82.1,NA,8905,4071244,"70.674,73","46,6",124236,584800,120861,26.8,"12.183.376"
2009,"ITF4","Puglia",161.04,78.86,25.56,237.88,48,NA,865.578820348117,0,213.211261003583,17.6171642104057,3.77013865777289,0,3.74218952719672,16.6658751654942,35442,1.34018,81.9,NA,9962,4080149,"68.840,03","44,9",121062,579113,121328,28,"12.509.693"
2010,"ITF4","Puglia",163.82,79.34,26.18,237.17,49.18,362.44,779.324061718775,0,280.219860279241,18.6525518943461,4.84520440209351,0,3.8381152761322,16.3250391032656,34785,1.3306,82.5,NA,11447,4090111,"70.181,9","44,3",122382,573713,113253,28.8,"12.982.987"
2011,"ITF4","Puglia",162.36,78.11,26.23,237.76,47.82,347.68,565.190525582098,1.41752244582867,121.387029818352,20.2708024659272,2.77165892087559,0.093795398610657,3.53835687762349,16.8500817078287,35855,1.31061,82.5,NA,1239,4101558,"71.743,42","44,7",121235,567310,113598,29,"13.505.731"
2012,"ITF4","Puglia",197.44,104.01,45.72,229.29,35.71,344.79,671.367329386161,1.72458369827755,135.008728685497,19.9720992414382,6.36366355783467,1.86785925061792,3.84685387240911,17.2954362825047,36547,1.29774,82.7,-2.6,-12267,4102797,"72.225,25","44,9",120142,559537,107402,31.1,"13.291.863"
2013,"ITF4","Puglia",246.9,121.01,45.34,263.98,46.83,NA,649.094319505173,0.712129431882177,161.644111847565,15.2128793695087,3.75111135409865,0.541319921934427,3.76336615111597,16.9754927527219,35933,1.28215,83.1,-2.6,-12742,4090530,"70.433,04","42,3",118414,552649,97395,34.1,"13.359.216"
2014,"ITF4","Puglia",219.31,118.88,30.01,260.19,36.92,413.82,664.606565946683,0.0468976993053285,54.6103140305712,20.7233054352258,1.20298430636513,0.0478077134144962,3.60131722664294,17.0354287514438,36879,1.29216,83.2,0.9,-161,4077788,"70.821,53","42,1",NA,546783,97247,33.4,"13.274.254"
2015,"ITF4","Puglia",223.7,118.9,29.69,259.66,36.44,416.82,673.199515939631,0.156812209612974,174.670767756147,26.3280308959107,2.15522948032678,3.37469511074671,3.57720988581395,17.1603378887649,39525,1.25606,82.8,-1.2,-12939,4063269,"72.334,52","43,3",NA,540198,89180,33.1,"13.526.151"
2016,"ITF4","Puglia",231.18,116.94,29.77,266.89,43.16,420.11,684.03677414855,0.980301532906379,154.261340581016,18.4531032016105,2.69221875682281,0,3.69019556672833,16.9140556493428,37546,1.26609,83.5,-1.7,-13278,4043735,"73.638,33","44,3",110423,532022,88427,31.2,"14.436.278"
2017,"ITF4","Puglia",232.18,120.36,27.5,241.23,35.46,411.58,573.60245558756,1.87742892961045,123.057426711693,21.2529596690651,6.37176235736802,7.90621310802019,3.76846804699977,16.8581466091599,40351,1.25093,83.1,-1.3,-15646,4024067,"74.783,61","44,5",104949,527768,87798,33.3,"15.190.865"
2018,"ITF4","Puglia",229.76,117.67,25.07,231.09,38.79,415.32,804.453873635845,0,145.41630179825,18.2319590931002,2.72324271325541,0,3.64207766972911,17.3743851452354,38830,1.23363,83.6,-2.3,-19189,4000966,"76.373","45,5",100804,522072,89802,30.4,"15.197.186"
2019,"ITF4","Puglia",197.61,94.74,20.28,202.96,47.64,414.27,662.308197848525,0,145.903168366052,24.7450373675412,2.18777166011808,0.67054111833043,3.798350556189,17.1915800893426,39140,1.2,83.7,-2.7,-22223,3975528,"77.182,8","46,3",97917,512486,90154,29.5,"15.441.469"
2020,"ITF4","Puglia",200.25,95.44,23.36,204.74,51.48,413.28,556.587434638115,1.62984690065199,139.278606495271,20.089778143157,0.871293118895335,0.143776240951267,3.64988483941488,17.1188821164976,44002,1.18205,82.7,-0.5,-19528,3953305,"72.545,2","46,1",95009,502339,91735,30.4,"10.133.031"
2021,"ITF4","Puglia",196.7,94.36,23.86,194.58,52.36,404.36,579.694625585624,1.39932173362798,95.9118335758703,25.4733249220798,2.37422085351008,7.77037848168912,3.73572227444675,17.1651662161773,46286,1.20323,82.2,2.3,-10836,3933777,"79.546,1","46,7",90897,494573,94062,30.6,"13.874.818"
2022,"ITF4","Puglia",183.42,85.62,28.5,178.44,54.17,405.75,587.476910883745,0.657237856685328,173.388378355239,27.4883749695692,2.70791891966566,2.04796279798788,3.62987179092224,17.5431713596264,44676,1.21876,82.8,0.8,-15258,3922941,"86.094,94","49,4",89760,486203,93927,26,"16.118.097"
2023,"ITF4","Puglia",184.74,86.38,33.04,197.1,62.27,405.01,619.199275730972,1.20809693784714,112.989278391128,22.1783948795102,1.71022998437054,8.94146333311659,3.69183682549072,17.7213182782166,NA,1.20396,NA,NA,NA,3907683,"91.628,92","50,7",NA,NA,NA,22.2,"16.822.144"
2000,"ITG2","Sardegna",250.3,103.1,193.9,2808.7,209.5,155.1,456.44794553309,4.03225762620306,66.1148391589462,15.3840089178906,2.46457233304509,0.813887280544444,3.48270927032539,16.4786771369247,13761,1.06,79.8,-2.4,-3778,1638573,"25.009,92","49,7",43692,239654,53893,30.7,"9.476.465"
2001,"ITG2","Sardegna",273.9,103.5,234.8,3602.2,240.2,147.9,378.41974764508,5.89936500619882,51.2425560376259,20.259418893625,3.56626650193371,0,3.68116898276062,16.5909294977599,13741,1.04,80.2,NA,NA,1634795,"26.490,42","51,6",42091,236061,56232,29,"10.193.513"
2002,"ITG2","Sardegna",279.5,110.2,225.9,3605.2,227.8,164.9,541.808871600234,4.22956584253137,118.419941545435,19.7103027407986,3.51590827223732,0,3.48447807349192,16.2023525635263,13786,1.02631,80.4,NA,2079,1630004,"27.043,67","52,4",41599,231383,53973,27.5,"10.261.806"
2003,"ITG2","Sardegna",273.5,108.4,234.2,3557.6,242.2,148.8,604.47678335918,2.39999078191891,148.666471236775,15.3837402009913,7.6544747866123,5.90677736736073,3.49269019540209,16.8676204527776,14612,1.06649,80,NA,2590,1632083,"28.293,03","51,2",42280,227730,52652,26.4,"10.383.975"
2004,"ITG2","Sardegna",NA,NA,NA,NA,NA,153.3,677.045973549867,0.382984285724916,160.466761233683,21.0628588644432,3.08439612484533,0,3.51951965265268,16.1327884698136,13397,1.04334,81,NA,2835,1634673,"29.645,07","51,5",42521,222306,50415,24.1,"10.303.418"
2005,"ITG2","Sardegna",NA,NA,NA,NA,NA,158.3,526.51549645188,0,99.8913597791777,17.7234584324427,11.0619914011589,0,3.4821750055531,15.673709697904,14102,1.06487,80.9,NA,2686,1637508,"30.279,7","51,4",42370,213654,52174,24.5,"10.208.792"
2006,"ITG2","Sardegna",NA,NA,NA,NA,NA,137.8,561.231239740468,2.04383248426841,182.279580841129,19.7764722238652,5.50770713124605,0.135911882855053,3.44466649335303,16.5399128489882,13873,1.0826,81.4,NA,2858,1640194,"31.577,95","52,1",42193,211007,54154,24.2,"10.530.940"
2007,"ITG2","Sardegna",270.7,106,238.6,3599.7,226.1,134,560.984358550092,0.34542062128804,124.613922240543,16.4131031017649,1.58312803193562,0,3.61814588185005,16.3924438456261,14272,1.10736,81.5,NA,6006,1643052,"32.582,36","52,8",41072,207233,54328,21.6,"11.851.213"
2008,"ITG2","Sardegna",253.46,94.43,NA,3558.22,234.3,NA,660.58964506577,0.506184340481039,183.483704538594,20.4293916405153,2.23621629987572,0,3.46740836163606,16.2258975518603,14474,1.13002,81.8,NA,4071,1649058,"33.541,88","52,3",40629,203071,53352,23.9,"12.293.922"
2009,"ITG2","Sardegna",251.13,95.72,231.06,3505.22,235.56,NA,635.37332287468,0.0700140257684435,128.987982562224,17.6460585825549,4.92955852764737,0.273940103483237,3.50746076171193,16.5151418117886,14996,1.15874,81.6,NA,582,1653129,"32.655,01","50,8",40261,198530,50329,27.3,"12.310.384"
2010,"ITG2","Sardegna",253.46,95.83,232.12,3414.19,240.84,65.61,764.31411457692,0,180.656776168567,17.3491085289117,5.13205583709556,0,3.67478507615805,15.88912688306,14533,1.18518,82.3,NA,2122,1653711,"32.779,85","51,0",41598,195264,46487,25.4,"12.172.923"
2011,"ITG2","Sardegna",256.66,97.98,233.16,3444.02,235.05,61.21,594.06546274457,0.36002904638717,145.399009808367,19.4533610142565,3.73749291663043,0,3.37004630924529,16.4824288144698,15085,1.16806,82.3,NA,-754,1655833,"33.322,27","51,7",42086,192080,47462,27.6,"11.448.683"
2012,"ITG2","Sardegna",253.48,116.6,171.76,3208.82,216.54,53.2,557.962848896063,0.669018357495809,169.194070252514,23.7189110169505,7.30555366888588,0.309105596515054,3.52261043631507,16.6031866968162,15626,1.14458,82.3,1.6,-496,1655079,"33.346,77","51,7",41963,190098,45956,28.2,"10.843.177"
2013,"ITG2","Sardegna",NA,113.7,146.46,3266.82,200.71,NA,730.233330095352,0,156.911250912287,16.3850751860015,5.40980150264731,0.380478352865894,3.66556579981122,16.2060006014185,15216,1.12101,82.8,0.8,-2055,1654583,"32.453,48","48,3",41860,188146,44671,32,"10.680.628"
2014,"ITG2","Sardegna",259.66,110.7,150.65,3248.62,208.98,58.37,482.41579124849,2.19290999373881,34.8907040027301,19.2886422842673,1.75719873963137,0,3.54156404895035,16.857848478389,15445,1.10975,83.2,2,-573,1652528,"32.510,85","48,6",NA,187106,43993,34.2,"11.362.839"
2015,"ITG2","Sardegna",260.92,111,150.27,3248.12,208.2,68.72,587.438071239666,2.16734143440592,205.251087511241,26.4038329742157,3.46134507003002,0.88785586373545,3.39543775067322,16.8419987373249,16528,1.10919,82.8,0.2,-5148,1648642,"33.735,31","50,1",NA,185750,41094,31.8,"12.392.827"
2016,"ITG2","Sardegna",260.65,106.77,140.88,3300.45,237.23,69.73,544.676839183655,1.03926761786466,154.72805484929,17.0510934823345,1.91167401111508,0,3.6367159916127,16.91373246324,16143,1.08417,83.3,0.4,-5003,1642492,"33.487,13","50,3",39796,183262,40713,30.5,"13.485.744"
2017,"ITG2","Sardegna",271.02,108.23,139.78,3252.22,226.48,60.35,360.924027153958,7.67395607995145,81.5230844656055,21.5886331365775,4.25973389057233,3.99800406971341,3.54040156229174,16.9020285121146,16773,1.07838,83.2,1,-4959,1636839,"34.123,62","50,5",37417,187575,40603,29.1,"14.222.332"
2018,"ITG2","Sardegna",269.51,108.73,119.45,3269.13,230.08,51.17,902.687346224649,1.50329811417594,225.825470205438,18.2522617984836,1.37710988568791,0.341025614480859,3.46026135791527,16.9204234486156,16277,1.03521,83.8,-1.1,-8585,1631040,"34.695,65","52,7",35529,185233,40669,27.6,"14.940.111"
2019,"ITG2","Sardegna",290.87,107.02,114,3211.55,273.19,45.31,626.553471689779,0.502918131344595,159.084847539998,21.2979767710786,3.34386207783404,0.101885392669366,3.74914297544216,16.8812645613929,17003,1,83.6,-1.5,-10636,1622257,"35.447,99","53,8",34300,183888,41029,27.7,"15.145.885"
2020,"ITG2","Sardegna",288.97,105.16,116.55,3190.95,278.75,43.8,521.582585490386,1.65634626503381,157.238841533944,19.3684517764847,1.68794336561781,1.22040296381822,3.45403131452594,17.0039083305509,18809,0.96599,82.8,-6.9,-21577,1611621,"32.611,07","52,1",33079,180889,41651,26,"6.321.111"
2021,"ITG2","Sardegna",291.16,100.46,117.81,3089.4,282.63,47.07,713.409158501581,0,188.701898463191,23.4004767535912,2.44535264533014,1.19052524060944,3.5275412504938,16.9349186459814,18593,0.99449,83,4.9,-2631,1590044,"35.684,66","53,6",31250,178116,41227,23.6,"10.632.221"
2022,"ITG2","Sardegna",274.94,95.91,157.29,3074.45,292.15,60.26,468.831218618809,2.65189147135104,126.563930031986,24.2653160218576,4.1170168465487,2.51891375367578,3.34285558455026,17.7895475804731,20553,0.9537,82.1,2.3,-9267,1587413,"38.826,61","54,9",30033,175208,40402,21.4,"14.700.911"
2023,"ITG2","Sardegna",276.25,95.36,152.92,3110.89,281.92,57.63,527.856534514625,2.2997474644337,130.159159747407,20.5565435799818,3.27516604716946,6.02357951163178,3.54912468210789,17.5144996063023,NA,0.91314,NA,NA,NA,1578146,"41.428,07","56,1",NA,NA,NA,19.6,"14.200.536"
2000,"ITG1","Sicilia",308.4,129.6,41.6,708.2,122.2,359,480.051971140741,1.67022312010044,93.819313570694,21.2749061320302,2.78532114646994,1.9944735307142,3.50756164589976,17.6107836340527,45804,1.41,79.2,-4.5,-16359,4994427,"69.279,72","41,9",160628,802265,151767,39.7,"13.409.594"
2001,"ITG1","Sicilia",340.9,141.6,44.9,922.3,153,379.6,411.667902761235,4.97823312691787,52.0903221904731,18.8478657653205,0.812250542062462,0,3.57505639781936,17.7871392058687,45043,1.4,79.5,NA,NA,4978068,"73.144,16","43,3",155325,810056,155380,37.7,"13.730.368"
2002,"ITG1","Sicilia",334.3,131.4,46.1,866.1,139.4,367.7,519.300157521371,4.49514058687774,71.6325615257868,20.5845909160154,2.07438496046547,0,3.56802806735924,17.459346155822,46068,1.39562,79.6,NA,-1916,4967306,"75.386,56","43,9",152658,798833,161378,35.2,"13.147.132"
2003,"ITG1","Sicilia",320.7,127.4,47.2,762.4,119.3,376,770.905683702215,0,201.267225530284,17.8894290088866,1.74731501124599,3.55875572055396,3.52470427071687,17.9328271427775,48554,1.4263,79.4,NA,11707,4965390,"78.101,4","43,3",154303,797277,165711,35.2,"13.152.348"
2004,"ITG1","Sicilia",NA,NA,NA,NA,NA,376.8,649.283221247887,0.0377712805939698,156.48175723795,21.1996592070111,1.36147790672222,0,3.56481842743627,17.2971479329292,44718,1.4365,80.4,NA,8124,4977097,"80.429,4","43,3",157683,786892,171580,33.3,"13.351.037"
2005,"ITG1","Sicilia",NA,NA,NA,NA,NA,344.6,673.554411535191,0,152.49068253697,16.7342447651284,3.48270595081217,0,3.62349842648327,16.897456687609,46904,1.42815,80.1,NA,6098,4985221,"84.060,68","44,1",155127,776670,178130,33.8,"13.721.380"
2006,"ITG1","Sicilia",NA,NA,NA,NA,NA,316,595.475950314556,0.361896913364847,127.120949764067,20.3129519488551,1.29818751164061,0.600464592002146,3.45928847329609,17.5027647961241,45979,1.42093,80.7,NA,4521,4991319,"87.349,46","45,0",154841,767376,179699,32.8,"14.574.524"
2007,"ITG1","Sicilia",316.5,128.5,47.4,822.6,119.1,328,654.947897300653,0.794549124413601,141.23497778609,16.351421717049,0.299626719701628,3.00778025870306,3.61577187067434,17.7208018831203,48286,1.41052,80.5,NA,20126,4995840,"89.232,09","44,6",150578,757904,182364,31.6,"14.602.145"
2008,"ITG1","Sicilia",300.08,116.05,NA,820.12,124.49,NA,489.775172340091,1.52666261625339,101.003912052863,21.0306439466758,0.699519608604338,0.307065620898832,3.49203274726493,17.7277205108749,47762,1.44245,80.8,NA,15470,5015966,"90.398,37","44,1",150327,746190,178147,32.5,"13.938.319"
2009,"ITG1","Sicilia",296.11,117.57,46.4,801.31,124.71,NA,759.695746938131,0,188.509793409068,18.9763124489068,0.773934520874641,0,3.72171389548146,17.5452639276966,49529,1.4384,80.7,NA,12609,5031436,"87.945,63","43,6",148888,738085,172079,32,"13.765.339"
2010,"ITG1","Sicilia",318.64,125.72,47.59,794.24,127.67,330.24,757.26703123143,0.532781870526696,269.301640960789,19.4549655000991,0.498986791573323,0,3.86731716410425,17.4212652510743,47975,1.41969,81.4,NA,15437,5044045,"88.256,33","42,7",150097,729147,154466,33.2,"13.503.839"
2011,"ITG1","Sicilia",313.98,125.29,47.58,797.41,124.71,317.71,659.672262200878,0.161456625973617,179.4641218442,18.6280847195549,0.324515678605883,0,3.47478116196097,17.3794304550809,50019,1.40871,81.2,NA,2464,5059482,"88.279,14","42,4",150386,721907,157121,35.4,"14.057.897"
2012,"ITG1","Sicilia",333.38,144.48,23.9,743.48,125.57,322.08,616.396511726125,0.941666270818599,173.917850939004,22.2656242622045,1.51097773734525,0.760506729475883,3.6626322406404,17.7804903134002,51243,1.40501,81.4,-0.7,-8406,5061946,"87.921,74","41,3",149789,706450,152114,37.4,"14.273.969"
2013,"ITG1","Sicilia",318.21,153.4,26.87,713.88,151.54,NA,637.604185209042,1.6730790177984,109.702218416675,16.8680197436553,0.586286171785935,0.0865767181839519,3.67410848782739,17.5727965795713,49641,1.36791,81.9,-1.3,-11786,5053540,"86.559,95","39,3",148910,696483,138137,39.5,"14.490.861"
2014,"ITG1","Sicilia",350.14,142.24,31.48,713.44,136.45,300.26,577.900994089416,0.580663293806483,117.323782820666,18.2419162095672,0.498901616293438,0,3.57920294374279,17.8369237028444,49665,1.40413,82.2,0.4,-2857,5041754,"84.812,65","39,0",NA,688725,136428,40.3,"14.866.938"
2015,"ITG1","Sicilia",346.3,140.52,31.01,713.2,136.28,303.33,756.206866642589,0.10075667111893,229.576721420013,25.1062249839298,0.786399762970091,2.01987534395275,3.44206643543975,17.7430557636121,53117,1.37832,81.7,-1.6,-17819,5028266,"86.154,39","40,0",NA,680846,126573,39.3,"14.510.708"
2016,"ITG1","Sicilia",355.74,136.29,35.31,734.9,137.24,299.6,567.729927857864,2.87347586725824,63.8165759252341,17.4681836642086,0.973336353758672,0,3.67394295394517,17.9842590335987,49989,1.35127,82.4,-1.8,-17620,5004400,"86.697,56","40,1",139107,673070,123953,38.1,"13.698.160"
2017,"ITG1","Sicilia",367.98,154.23,44.09,718.76,118.56,301.28,504.400315710844,3.0006788569548,134.687723354751,23.0354047230589,2.67246232265087,4.23278057886555,3.51972060755825,17.7246406219867,54358,1.37181,81.8,-3.3,-29652,4977900,"88.443,52","40,6",130245,668883,121290,37.6,"14.704.926"
2018,"ITG1","Sicilia",351.38,137.11,44.29,757.38,120.44,289.05,782.328061567368,0.511064119672697,198.003708912882,18.3413841176112,0.0623681888491745,0,3.64093705767843,18.024550336094,51983,1.37221,82.3,-3.1,-27098,4942188,"88.652,46","40,7",127227,666225,120269,38.4,"15.135.259"
2019,"ITG1","Sicilia",390.91,133.05,45.15,670.77,96.21,282.35,690.15389433464,0,169.325737643294,21.5927504464007,1.54786785515291,0.49523646656799,3.70894959692404,17.6914118611151,52405,1.33,82.3,-4,-33258,4908548,"89.523,88","41,1",124418,657560,118077,38,"15.114.931"
2020,"ITG1","Sicilia",391.3,133.24,46.45,678.32,93.89,283.5,503.734907128351,0.901745691188265,92.8085633860354,17.5137268917389,0.961290342293551,0.392987061203928,3.3614165845427,17.9065365492744,55583,1.32885,81.9,-4.8,-41585,4875290,"84.022,86","41,0",122463,644613,118386,38.3,"6.622.498"
2021,"ITG1","Sicilia",375.18,135.81,46.13,674.98,90.86,282.64,705.41294339876,1.20538206518969,199.012173080793,23.1742408877739,0.486940782506737,5.08286317378249,3.62023014094529,18.1013647520109,58824,1.34917,81.3,4.4,-376,4833705,"92.259,28","41,1",114463,635723,121011,36.3,"9.689.251"
2022,"ITG1","Sicilia",334.14,155.63,61.78,738.8,93.63,281.21,449.338482043683,2.81570209696025,97.2726881560954,25.2918693767863,0.836973430156243,3.85837267987445,3.36641974133847,18.4495609759673,59466,1.3513,81.5,0.7,-19313,4833329,"102.471,47","42,6",115354,624594,120868,32.4,"14.783.156"
2023,"ITG1","Sicilia",325.04,151.98,59.68,675.5,83.82,300.26,549.653695527317,2.23971957140891,146.882760423171,20.0362913454498,1.28605917593582,9.3318144527509,3.46736821953359,18.313807261581,NA,1.31899,NA,NA,NA,4814016,"110.159,48","44,9",NA,NA,NA,27.9,"16.448.284"
2000,"ITI1","Toscana",103.5,31.1,171.6,554.7,17.2,214.6,1022.62123815068,1.98629600814177,284.77132644102,7.11526420287959,15.1205776578772,0,2.73245238302082,14.4104439802859,40645,1.12,80.7,4.5,3277,3491580,"80.686,36","62,6",79671,362946,134282,13.3,NA
2001,"ITI1","Toscana",131.2,35.8,174.6,589.2,14.3,206.6,888.843847571025,0.1431490211107,138.41843737608,11.6215294646637,20.9214852778662,0,2.94365754029271,14.072556551075,40177,1.13,81,NA,NA,3494857,"84.702,78","63,9",80916,362809,135830,13.8,NA
2002,"ITI1","Toscana",118,34.8,176.9,617.9,15.1,238,1035.41304200348,3.41554761280974,203.622708654991,9.26214001128535,16.5187407979891,0,2.65933244037523,14.2110786541802,40443,1.18253,81.3,NA,14164,3499109,"87.710,82","64,2",82129,371273,140618,13.2,NA
2003,"ITI1","Toscana",109.6,28.7,206.6,571.1,12.2,221.6,747.170186409397,6.05641908969039,127.179625993533,7.53906164870631,29.9413952467494,11.1767907460112,2.91051529637736,14.5094783696044,42254,1.16194,81,NA,30400,3513273,"90.819,37","63,8",84453,374939,146269,12.7,NA
2004,"ITI1","Toscana",NA,NA,NA,NA,NA,261.3,1028.42710055448,0.210770700258386,184.147955565036,10.5717713298961,23.713773015509,0,2.74822897226021,13.8896306000277,39081,1.28037,81.7,NA,31293,3543673,"94.351,03","63,3",86839,377454,149014,12.9,"35.454.949"
2005,"ITI1","Toscana",NA,NA,NA,NA,NA,191.8,977.422600739384,0.864616354197916,233.293485942896,10.9153339465281,43.7036790112711,0.224863347641735,2.64019562314694,13.3012081911974,40699,1.27692,81.7,NA,18526,3574966,"96.344,37","63,7",88029,382236,146050,13,"37.960.671"
2006,"ITI1","Toscana",NA,NA,NA,NA,NA,179.8,729.449236883001,2.77684052798392,130.842624557998,10.7639445809665,24.3178209975542,2.61128793912162,2.75109251650049,14.1945848583393,39815,1.30366,82.2,NA,17488,3593492,"100.655,24","64,7",89776,385469,146396,13.1,"40.943.455"
2007,"ITI1","Toscana",111.5,29.6,199.8,595.1,12.3,182.1,713.731728480844,4.42654167796128,94.8991731491685,6.76601881602294,13.3946107155977,0.785619266331219,2.75132624275899,14.2623699295524,40959,1.34426,82.2,NA,39202,3610980,"105.018,4","64,7",90062,387413,145484,13,"41.695.840"
2008,"ITI1","Toscana",107.18,27.55,NA,591.04,12.97,NA,1094.31621922406,1.75842753846488,241.650989720073,8.84856555211617,14.9857134620321,0,2.74026507155579,14.1583015603413,42222,1.41082,82.2,NA,33180,3650182,"106.113,21","65,3",91615,392519,143756,12.8,"41.261.956"
2009,"ITI1","Toscana",105.53,27.97,197.23,580.52,12.98,NA,1059.17687133794,0.615304867636536,247.796743110763,11.2169240501147,20.9899643690219,2.10039934707137,2.81698889547223,14.4888348400552,42110,1.37333,82.5,NA,23230,3683362,"103.998,67","64,7",92576,397234,144628,12.7,"40.971.354"
2010,"ITI1","Toscana",97.03,25.2,200.31,572.65,13.29,156.19,1370.97310187014,0,351.513973385436,11.3098210701911,27.9137357283067,0.494785594991015,2.82036206823975,13.6305651779115,41521,1.4008,82.9,NA,19671,3706592,"105.269,68","63,7",94039,429789,125143,15.6,"42.031.975"
2011,"ITI1","Toscana",100.33,26.31,201.14,576.13,13,137.32,700.88167247799,3.43981047157429,83.5289860904491,10.4993153969944,19.2263331616622,3.38020672410766,2.71992623803932,14.5114305631539,41693,1.38303,83.1,NA,7272,3726263,"108.102,62","63,6",94899,421383,133568,16.1,"43.684.791"
2012,"ITI1","Toscana",105.01,35.1,147.66,479.75,15.54,166.82,940.210241321165,3.72116478892356,241.698814615761,10.0040384460239,30.3129546307783,4.04823495276928,2.84981928955888,14.3922975099695,43456,1.39075,82.9,6,10002,3733535,"107.566,48","63,7",95705,410013,130740,18.1,"42.651.126"
2013,"ITI1","Toscana",86.63,29.07,144.44,426.9,19.02,NA,1166.28041665936,0.128572534256394,241.621282722252,7.76387829462729,23.8462488757194,2.19464461093898,2.73160632531575,14.1032273236942,42185,1.3435,83.4,3.6,756,3743537,"106.707,54","63,7",95670,413979,122522,19.7,"42.696.395"
2014,"ITI1","Toscana",75.86,28.59,133.26,440.19,16.98,162.49,1314.98192069621,0,331.406890432263,12.5656101789656,5.92266714547653,0,2.68587658516879,14.8291149641882,41507,1.35784,83.8,3.9,2143,3744293,"108.725,23","63,8",NA,418999,121172,20.1,"43.150.721"
2015,"ITI1","Toscana",79.81,27.83,143.13,431.39,23.49,164.12,844.937041973168,0.239085423524452,184.376331353147,13.7358929565698,13.5093952863588,9.68802654126802,2.68271249069239,14.8512821826075,45350,1.30766,83.1,2.6,-8256,3739044,"109.850,44","64,8",NA,422163,116460,18.6,"44.379.574"
2016,"ITI1","Toscana",85.88,27.74,124.99,423.78,25.2,161.99,1062.09017794678,0.495761509379713,212.059098059204,10.6608353080971,14.1093307933221,0,2.79542888757329,14.6515163689658,42477,1.3143,83.9,3.6,-1961,3726422,"112.284,25","65,3",92467,422902,120627,18,"44.298.911"
2017,"ITI1","Toscana",82.08,19.11,127.28,450.16,26.45,172.5,727.94697565144,4.84445246692392,153.430146988372,10.7571701013049,22.7318948952091,6.44864563725666,2.83894341450263,14.6635238232986,44521,1.29473,83.7,3.5,-5469,3721391,"114.675,42","66,0",89400,431898,122048,16.7,"45.935.063"
2018,"ITI1","Toscana",83.94,21.77,124.71,428.88,23.69,159.89,1119.84785043165,0.522748018483607,213.277198314673,10.0201966725082,17.6902727326886,4.24319827463433,2.77893284531891,14.9976705725531,43442,1.2608,84,3,-7327,3712048,"117.431,53","66,5",86933,435771,123801,16,"47.618.085"
2019,"ITI1","Toscana",91.9,25.43,137.01,366.52,25.49,143.21,1158.19375118094,0.309283277389278,359.340364116181,11.9456994782585,16.4570093990848,4.53672679393016,2.84051184122155,14.9391300816591,43677,1.21,84.1,3.1,-8788,3701343,"121.886,82","66,9",84484,437147,126576,15.7,"48.077.301"
2020,"ITI1","Toscana",92.56,25.61,137.74,365.72,25.25,141.44,941.471635715089,0.709482216775487,209.005377813193,11.6674307364185,11.1655554184231,1.5154962583214,2.71472641754683,14.863271519414,47821,1.16528,83.4,7,310,3692555,"107.802,12","66,1",81493,434218,128084,17.3,"21.972.603"
2021,"ITI1","Toscana",88.94,25.91,134.83,363.85,23.76,128.52,923.003307087561,1.98894407141125,154.481358899946,13.4811528422376,19.0119807412453,3.74242306126081,2.90693609344058,14.5289163903479,47505,1.19587,83.4,-1.3,-29674,3692865,"119.445,29","65,6",76888,431066,131005,17.9,"31.323.954"
2022,"ITI1","Toscana",88.57,23.9,128.29,358.37,21.11,132.24,857.023315717732,3.11987616584551,246.499098956192,16.8385911896408,14.0881679380374,13.0409920589063,2.62481832889341,15.5841503133158,48903,1.1573,83.4,7.1,-1210,3663191,"130.322,65","68,6",74999,427323,130937,13.8,"42.793.402"
2023,"ITI1","Toscana",91.27,25.24,132.7,335.85,17.87,141.08,990.072260805149,0.482338430287231,233.389240513592,10.7667649403397,11.8052504605114,10.8514590554169,2.81673401050451,15.5551499595539,NA,1.1244,NA,NA,NA,3661981,"137.818,56","69,3",NA,NA,NA,11,"46.019.310"
2000,"ITH2","Trento",NA,NA,NA,NA,NA,0,1697.02275908603,0.399052549893381,607.948578872973,1.60737814816864,132.364451472598,0,1.13543942272536,5.9381943285681,4537,1.43,80.5,6.8,3805,470505,"13.879,72","66,4",NA,NA,NA,8,NA
2001,"ITH2","Trento",49.4,25.6,5.9,18.2,4.4,0,1296.19226399166,0.721860282602774,140.0803451104,3.09746451244362,132.491531073187,0,1.15033660076888,5.92384468518833,4317,1.4,81.3,NA,NA,474310,"14.588,09","66,3",NA,NA,NA,8.2,NA
2002,"ITH2","Trento",47.3,23.9,6.4,17.8,5,0.2,1760.64534997839,2.51960660844076,529.48521077159,2.4909891464749,129.484970216123,0,1.09243662905433,6.3194101888065,4295,1.43926,81.3,NA,5000,476750,"14.990,95","65,7",NA,NA,NA,8.3,NA
2003,"ITH2","Trento",57.8,30.6,12,20.3,7.7,0.3,1141.60464563471,7.23874025572893,311.748107617127,1.67598433249291,150.191810482727,7.84676613309146,1.11233928460747,6.04649469423913,4640,1.40575,80.8,NA,6349,481750,"15.503,2","66,1",15286,58954,15205,8.1,NA
2004,"ITH2","Trento",NA,NA,NA,NA,NA,0.3,1356.0512301315,0.358750049064974,244.41232817672,2.06098119279146,141.873375122314,0,1.14589496911091,5.77526820570006,4478,1.55069,81.3,NA,6641,488099,"16.015,72","65,6",15662,60822,15056,9.1,"13.848.755"
2005,"ITH2","Trento",NA,NA,NA,NA,NA,0.3,1212.10055716055,5.5551832861175,175.974048312694,3.15607827737785,138.562731391497,0,1.1438098935095,5.53692013901633,4462,1.49402,81.9,NA,4972,494740,"16.407,95","65,1",15669,61995,15745,10.1,"14.495.715"
2006,"ITH2","Trento",NA,NA,NA,NA,NA,0.3,1120.53847172354,4.03885139770632,181.855496581604,2.67539830270422,126.690344618029,2.40104944602826,1.10517292622716,6.46491462392368,4565,1.51405,81.9,NA,4386,499712,"17.040,78","65,4",15744,63531,16487,9.8,"14.589.041"
2007,"ITH2","Trento",52.5,27.7,10.3,22,6.6,0.4,1222.5515744004,1.96423631017691,225.779562779016,2.22283364545725,112.858069272434,3.48348184950787,1.1503114556162,7.2548306839916,4595,1.52191,82.5,NA,6413,504098,"17.916,97","66,3",17180,66224,16617,9.3,"14.703.083"
2008,"ITH2","Trento",51.05,27.37,NA,22.04,6.7,NA,1743.99673422667,0,409.767362740769,2.26156022060448,123.848478116829,0.120371622887738,1.12622213585408,6.59046084394026,4675,1.60326,82.7,NA,6348,510511,"18.187,45","66,7",16185,67334,16474,9.8,"14.873.012"
2009,"ITH2","Trento",51.27,28.17,10.14,21.2,6.78,NA,1480.76844993918,0.318078107348252,416.023049463494,3.54160857024879,128.305461653819,0,1.14456603789765,6.50841984846215,4622,1.59712,83.1,NA,4672,516859,"17.934,36","66,5",16276,68230,18267,10.9,"15.235.186"
2010,"ITH2","Trento",46.81,25.42,10.32,21.92,6.92,0.35,1790.60107982344,0,504.297826474013,3.29191385614726,138.599007100948,1.7162261041154,1.14041942097453,5.66989196822425,4751,1.64757,83.2,NA,4302,521531,"18.381,25","65,9",16426,69030,15433,13.6,"15.191.244"
2011,"ITH2","Trento",47.77,25.84,10.35,21.76,6.73,0.34,1303.28673168437,0.838777048421152,295.331784812844,3.02738091134206,119.759484859744,4.76490085304488,1.073323938775,7.30099188910998,4590,1.61501,83.9,NA,3413,525833,"18.859,09","65,9",16209,69761,16956,13.1,"15.287.619"
2012,"ITH2","Trento",39.26,14.9,5.36,37.48,4.16,0.34,1495.60477161496,2.0809797760149,384.238467450198,3.54021628498642,133.193212022232,2.08133855688134,1.14912414959951,6.3467180392152,4666,1.59941,83.9,7,4189,529246,"18.884,59","65,4",16312,70964,17297,14.2,"15.488.347"
2013,"ITH2","Trento",43.8,18.69,4.48,40.58,7.51,NA,1723.76923078766,0.241105068409502,382.468859208638,2.16984949096,122.106276641904,4.56337234849354,1.12362374434264,6.66607132336509,4842,1.60381,83.9,5.8,3378,533435,"19.375,6","65,5",16390,70580,17401,15.2,"15.482.582"
2014,"ITH2","Trento",45.06,24.01,6.99,36.74,6.51,NA,1868.91406380779,0.557912977035013,450.397899236764,3.26380848516523,99.5018382661823,0.598583397867944,1.08133540222252,7.30383916187674,4753,1.54264,84.4,2,1179,536813,"19.384,64","65,9",NA,71022,17496,16.7,"15.369.920"
2015,"ITH2","Trento",44.45,21.92,7.79,36.76,8.14,0.32,1221.34792517238,0.442628996474134,183.558260639469,3.96279162015245,115.676708127253,7.55827251834336,1.13996177014107,7.69303620373591,5051,1.56066,84,1.9,807,538188,"19.333,75","66,1",NA,71695,17695,15.9,"16.070.571"
2016,"ITH2","Trento",45.23,21.71,7.28,40.46,8.8,0.36,1503.69520252701,0.598582637426049,285.64334690907,2.22061552138846,114.876773333941,0.358385177745698,1.11468942719612,7.13795061520426,4959,1.51954,84.3,1.3,381,539513,"19.657,05","66,0",16003,71651,17119,15.9,"16.930.768"
2017,"ITH2","Trento",50.63,24.45,8,46.85,12.51,0.35,1418.32070332366,2.07842643376303,363.485579133812,2.91384727040333,123.342664258941,4.20261550371371,1.16113326183391,6.99320774232149,5062,1.4863,84.4,3.5,1294,540280,"20.063,29","67,6",15648,71608,17158,16.3,"17.776.030"
2018,"ITH2","Trento",52.18,25.29,8.7,46.7,12.35,0.36,1497.18382107522,0.397962505504592,278.390154496083,2.42115598930979,117.57219197368,2.11601068489069,1.06988575460437,7.35261240902287,5014,1.4505,84.6,3.4,1200,541966,"20.885,7","68,2",15223,71686,19365,14.2,"18.156.000"
2019,"ITH2","Trento",52.39,25.57,8.66,47.86,12.24,0.41,1812.10393215749,0.241828713677557,500.028806257442,4.17735512586432,120.243715497526,3.83187037605001,1.14436916735038,7.23313406196485,5074,1.42,84.9,4.7,1704,543721,"21.463,65","68,5",14777,71501,17655,12.5,"18.431.051"
2020,"ITH2","Trento",59.49,29.36,10.87,30.91,11.36,0.42,1674.34001076509,0.198798817092658,614.85611958034,2.87581688499007,119.785470137052,1.91557450951266,1.09335327929359,7.27185719140516,6526,1.36345,82.8,-1.4,-3259,545425,"20.150,28","67,3",14168,71147,17968,14.3,"11.701.138"
2021,"ITH2","Trento",52.72,25.86,10,31.67,10.97,0.43,1395.96702243356,0.917027136977367,307.401673106587,2.84044407498715,137.081944492362,0.240743245775475,1.13618334539642,6.17580321258635,5397,1.42453,84.2,0,-1208,542166,"21.358,42","67,3",13848,70899,19056,17.6,"11.946.879"
2022,"ITH2","Trento",49.58,25.47,6.08,36.7,10.54,0.42,1218.0546560587,5.08714984793509,193.038527921452,5.22086772215082,119.729773578637,2.044840547933,1.12608279771675,7.71895780153523,5434,1.3653,84.4,6.4,2038,540958,"23.777,15","69,5",13453,71208,17443,11.1,"17.768.639"
2023,"ITH2","Trento",50.53,25.05,6.71,36.33,10.06,0.42,1535.12844342759,0.159039053674126,385.749153180787,3.69113944846071,107.166034049828,6.51525022963624,1.12891430497204,8.02786904800342,NA,1.285,NA,NA,NA,542996,"25.205,27","70,2",NA,NA,NA,9.7,"19.141.944"
2000,"ITI2","Umbria",63.1,19.3,250.5,149.8,6.3,126.6,899.374899928201,0.129324877775534,165.897879444552,8.47199220121874,31.7879798376865,0,2.0845307150051,13.0092732829216,8988,1.17,81,6.9,3343,820844,"17.713,77","62,6",19717,95108,32826,13.1,NA
2001,"ITI2","Umbria",64.8,21.4,271.1,170.9,4.5,124.4,796.962991810602,0.0876313485192278,65.7204711837243,12.74017545306,31.7452335006465,0,2.32163428879419,12.7405679954496,9196,1.17,81.1,NA,NA,824187,"18.658,9","63,2",19820,93802,33667,12.2,NA
2002,"ITI2","Umbria",67.4,21.5,271.7,164,5.3,125.1,1039.39148097664,3.65459939767199,212.954843136083,10.7114820991116,27.2717504609947,0,2.05234312043446,12.8145256669025,9229,1.23581,81.5,NA,4760,826176,"19.096,3","62,3",20446,94393,35540,12.5,NA
2003,"ITI2","Umbria",67.6,21.4,249.3,168.8,8.2,124.4,756.412933198996,5.08604511670443,96.0048849754023,8.17341602010342,52.1330333421019,6.56891458154937,2.15604667938058,13.1636005744802,9515,1.22689,81.3,NA,10853,830936,"19.749,37","61,0",21024,94835,38132,12.4,NA
2004,"ITI2","Umbria",NA,NA,NA,NA,NA,125.7,1092.46679686877,0.873676124108627,193.171848360224,11.4947221650637,39.6098925553109,0,2.12640843144248,12.5798475311468,9092,1.31422,81.8,NA,7985,841789,"20.582,18","61,4",21232,95458,40765,12.6,"5.753.804"
2005,"ITI2","Umbria",NA,NA,NA,NA,NA,121.6,1060.57431023158,0,233.399559442023,12.4539004457646,69.8627142613712,1.8242071619352,2.05427290598407,11.7527177720578,9952,1.33723,81.4,NA,5781,849774,"20.985,04","61,6",21626,96009,41063,13.8,"5.820.925"
2006,"ITI2","Umbria",NA,NA,NA,NA,NA,112.1,697.965366134518,2.6529999228008,99.1299820725958,13.0267472255377,41.310079408155,0.736395246007761,2.08519876720943,12.7295658907688,9518,1.36424,82.2,NA,3252,855555,"22.022,66","62,8",21829,96796,40238,11.8,"6.137.303"
2007,"ITI2","Umbria",65.4,20.7,259.5,176.6,6.9,120.3,710.433876924268,4.47119351306706,83.3192278251725,7.27390218844741,26.7618652749286,4.95107359106525,2.15695301630445,13.0303529568263,9699,1.40078,82.3,NA,11491,858807,"22.865,92","64,6",22132,97590,40273,12.4,"6.252.102"
2008,"ITI2","Umbria",62.76,18.96,NA,175.83,7.1,NA,1050.15403993395,2.04434497097424,222.845163885652,10.7223650073902,28.8745509310884,0,2.12494150991784,12.920371056505,10202,1.44456,82.2,NA,9342,870298,"23.166,95","65,3",22535,98401,38892,12.9,"6.011.326"
2009,"ITI2","Umbria",61.79,19.29,257.6,171.35,7.18,NA,1006.76854659308,0.739575170438707,145.22243128356,13.0853959755022,32.6144847606065,0.739397909595797,2.1579621398267,13.0486962297968,9849,1.37961,82.8,NA,5297,879640,"21.784,65","62,9",22823,98275,39772,14.1,"5.584.081"
2010,"ITI2","Umbria",60.8,18.74,262.26,171.37,7.33,110.02,1298.00137471171,0,351.644075461311,13.0571904822614,43.1257831122678,2.30636678285879,2.12557962994471,12.3306136475287,9949,1.41125,82.9,NA,4513,884937,"22.180,14","62,6",23847,99435,32988,15.4,"5.626.727"
2011,"ITI2","Umbria",61.03,19.13,263.42,171.6,7.17,111.88,754.158190895208,2.17350003186577,187.119578659216,12.0021037351455,31.1026620906084,4.4747171682724,2.04570350677022,13.1091145566411,9937,1.39329,83.3,NA,957,889450,"22.427,2","62,2",24260,98813,33213,15.3,"6.037.002"
2012,"ITI2","Umbria",47.59,12,177.49,112.77,5.04,115.45,913.043470928613,4.61715267115596,221.972442261221,11.9421844975993,51.1639322319967,9.96416264784959,2.20272532058691,13.3176779308857,10418,1.39252,82.9,5.8,2335,890407,"21.810,98","61,5",24681,99689,30976,18.1,"5.825.889"
2013,"ITI2","Umbria",56.15,15.36,170.72,229.23,4.68,NA,1144.71670299909,0,166.19983789282,9.70580053769697,39.8675002737567,4.56359431764775,2.04966419242037,12.5791289600808,10124,1.38056,83.3,2.4,-643,892742,"21.452,99","60,9",24351,99877,27536,18.9,"5.685.954"
2014,"ITI2","Umbria",50.84,18.8,176.36,199.62,4.78,116.84,1130.90291057544,0,209.164213366314,14.5235513914927,14.0136159349759,0,2.01987114760794,13.2650759710761,9907,1.34376,84,1,-1980,892099,"21.061,5","61,0",NA,100326,25932,23,"5.858.979"
2015,"ITI2","Umbria",53.29,18.39,177.3,200.03,4.72,116.93,855.965499955057,0,232.153467963091,15.9519486854293,27.3899402886358,5.95724290906102,2.07952710269191,13.4353299513202,10811,1.28714,83.2,0.8,-3581,888288,"21.638,94","63,1",NA,100838,25968,20.5,"5.910.632"
2016,"ITI2","Umbria",54.45,18.21,185.8,187.61,5.18,81.17,1118.55063622237,0.174207420267371,204.441523856892,12.8945381767926,23.4376242133726,0,2.13496009641649,13.0984192938204,10252,1.2774,84.1,1.8,-2273,884092,"21.744,99","62,7",22871,100540,25776,17.7,"5.986.392"
2017,"ITI2","Umbria",53.43,11.86,187,178.03,4.49,81.11,821.401283618874,3.79294714063028,245.173043255455,12.0761947858271,38.8673014849773,9.14171403722247,2.24857887937874,13.3082953473673,10789,1.25818,83.9,0.5,-4268,880992,"22.264,3","62,9",22216,102069,26989,19.5,"5.483.138"
2018,"ITI2","Umbria",53.45,11.48,193.38,177.78,5.05,89.44,1118.20893635021,0,209.540003079591,11.7077771108406,28.1729716535035,0,2.05280976361723,13.4641008038201,10078,1.22402,84.3,1.9,-2625,876477,"22.939,39","63,0",21407,101753,26240,18.9,"5.937.298"
2019,"ITI2","Umbria",53.35,12.04,193.22,149.46,6.51,89.63,1035.27936842053,0,253.438415467026,13.931826125123,27.1735158314178,4.4346537609542,2.19502737900329,13.6219575813499,10263,1.2,84.5,1.3,-3579,873744,"23.087,4","64,6",20571,102308,26709,15,"5.889.224"
2020,"ITI2","Umbria",53.85,11.92,197.06,147.44,6.38,86.5,976.51730957499,0.565364446980825,337.482746612208,14.1857713145431,21.8213735954716,2.96486260238514,2.11809321668995,13.388828804387,11045,1.15811,83.7,1.2,-4713,870165,"21.192","63,5",19837,101695,26986,18.7,"3.017.352"
2021,"ITI2","Umbria",57.02,13.13,192.02,150.03,6.59,64.99,895.848820110778,3.95637648460974,137.57827280525,16.535851788147,35.7863919374498,4.00371416918176,2.2388796221817,13.2182073887249,11488,1.18083,83.4,-0.5,-6640,865452,"23.028,31","64,4",18666,100843,30256,19.2,"4.448.061"
2022,"ITI2","Umbria",55.37,17.45,201.87,128.27,6.47,83.56,861.03801397237,3.70053474458846,287.841930934425,19.8881548812086,30.3509073067602,8.71308874258886,2.06215182280091,14.1719967441084,11607,1.13235,83.5,5,-2405,858812,"24.697,93","64,9",18199,100298,30684,14.4,"5.959.984"
2023,"ITI2","Umbria",54.73,17.41,201.5,124.53,7.88,79.18,1039.26085756315,0,202.280236059738,13.5531367536542,22.2256279470228,8.13534011111684,2.21121986780287,14.1361857132152,NA,1.10885,NA,NA,NA,856407,"26.087,97","66,5",NA,NA,NA,10.5,"6.428.948"
2000,"ITC2","Valle d'Aosta",38.9,20.1,1.1,2.2,3.4,0.1,1760.71612475438,0.334129377914511,643.164688677521,1.85886907252755,187.023180323904,0,1.19215661617158,2.50379714257002,1368,1.26,78.2,4.3,412,118861,"3.441","68,8",3030,12442,NA,11.7,"3.200.082"
2001,"ITC2","Valle d'Aosta",49.5,23.6,0.7,2.4,2.9,0.1,1454.54760569177,0,212.757871239978,3.03856430150196,186.744054036903,0,1.19430513796933,2.41997876725611,1278,1.22,79.2,NA,NA,119273,"3.625,8","70,0",3021,12363,144,11.2,"3.254.401"
2002,"ITC2","Valle d'Aosta",41.8,20.4,0.9,2.2,3.2,0.1,1797.50378411832,3.06306621446211,547.839230286494,2.48700858540978,195.200736180858,0,1.14985484174212,2.70369375754558,1335,1.24512,78.8,NA,1036,119347,"3.757,05","70,7",3184,12804,246,8.9,"3.304.210"
2003,"ITC2","Valle d'Aosta",42.7,21.7,0.7,2.2,2.7,0,1153.11596065559,7.53317590082893,173.500189366535,2.09499400982493,192.43709158362,4.67302994785371,1.15118692778312,2.6454018050091,1314,1.28315,79.4,NA,1309,120383,"4.040,76","67,5",3174,12887,359,9.7,"3.496.219"
2004,"ITC2","Valle d'Aosta",NA,NA,NA,NA,NA,0,1398.86280866315,3.92917742633378,330.472059306835,2.03185093632361,197.232665415454,0,1.18365438687849,2.14375294181372,1208,1.32841,80.5,NA,1107,121692,"4.158,25","67,2",3354,13326,587,12.1,"3.198.211"
2005,"ITC2","Valle d'Aosta",NA,NA,NA,NA,NA,0,1148.51563838011,6.39987907067411,170.845067211816,2.66650300515174,183.705449698059,0.400776524126327,1.12727867353642,2.05865703133156,1306,1.34171,79.9,NA,1040,122799,"4.295,92","66,4",3423,13305,729,10.6,"3.188.648"
2006,"ITC2","Valle d'Aosta",NA,NA,NA,NA,NA,0,1388.0340787063,3.200238052055,249.324868313832,2.54173117680134,176.091011386063,0.468615199478721,1.15907179885089,3.09074354745394,1242,1.44373,81.3,NA,797,123839,"4.454,09","67,0",3423,13368,1110,11.5,"3.207.724"
2007,"ITC2","Valle d'Aosta",40.7,20.9,0.8,2.4,2.7,0,1415.6322426507,0.867899774448136,285.875953706297,2.30133324460699,185.537858339145,0,1.17656195862329,3.23055330479724,1274,1.47246,80.9,NA,1022,124636,"4.578,35","68,2",3555,13751,1107,11.2,"3.106.584"
2008,"ITC2","Valle d'Aosta",40.59,20.69,NA,2.45,2.86,NA,1664.53533796577,3.06992892681078,326.39128250042,2.48897108054009,184.620611430604,0,1.14539340998723,2.75103661612536,1255,1.57543,81.5,NA,857,125658,"4.730,28","67,8",3456,13901,1059,11.8,"3.113.340"
2009,"ITC2","Valle d'Aosta",40.86,21.22,0.75,2.36,2.87,NA,1475.4703780012,1.06336282788166,285.167873808045,2.81950617533949,181.438285650491,0.468615199478721,1.175657989276,2.94729786723121,1272,1.6233,81.9,NA,442,126515,"4.528,49","66,8",3497,13989,1173,14.6,"3.133.921"
2010,"ITC2","Valle d'Aosta",37.67,19.37,0.8,2.4,2.93,0.03,1586.50489168095,0,297.214333822303,3.10870122510529,197.164219555741,0.39808797036646,1.15534608706314,1.57787720855146,1283,1.62203,82.1,NA,196,126957,"4.737,8","67,3",3561,14418,1165,14,"3.107.827"
2011,"ITC2","Valle d'Aosta",38.5,19.63,0.8,2.39,2.85,0.04,1396.98707313605,2.46264740285108,338.10410719674,2.47953513055684,176.961598445405,2.26509409795916,1.10980551681442,3.60601400934968,1288,1.59821,82.5,NA,152,127153,"4.838,8","66,9",3612,14609,1202,15.2,"3.126.165"
2012,"ITC2","Valle d'Aosta",26.54,16.15,0.72,1.98,4.93,0.04,1508.39254825769,0.666468924386966,254.59851447346,3.72308817592577,186.892867392063,3.12553539548834,1.18058610997682,2.91645735182078,1283,1.57354,82.7,5.9,646,127305,"4.879,29","66,3",3729,14792,1201,13.5,"3.166.295"
2013,"ITC2","Valle d'Aosta",39.7,22.38,0.44,1.72,3.83,NA,1600.37553211899,0,310.768959926546,1.9431777734341,193.494176043932,0.797970847637353,1.15791897990913,2.19462892322872,1287,1.4425,83,4.1,294,127951,"4.680,43","65,6",3700,14971,1311,19.1,"2.981.002"
2014,"ITC2","Valle d'Aosta",35.24,16.25,0.15,2.18,4.57,NA,1598.08099052867,0.798566612207642,327.994951977591,3.32435130019659,178.4404468413,0,1.13324858481021,3.28762727264319,1289,1.54362,82.9,-1,-293,128245,"4.643,64","66,2",NA,15202,1318,19.1,"2.986.319"
2015,"ITC2","Valle d'Aosta",38.73,18.75,0.12,1.94,7.87,0.03,1288.25442918727,1.26479621567402,176.289276116458,3.5886242969415,177.685169594223,10.1942753308897,1.1419500085545,3.81897233031509,1505,1.41359,81.6,-3.5,-969,127972,"4.653,42","66,2",NA,15233,1253,19.5,"3.238.559"
2016,"ITC2","Valle d'Aosta",37.51,18.26,0.12,1.96,8.1,0.03,1606.53323650679,1.39808923923205,310.309824503509,2.45573520177095,187.021390492462,1.92977192203848,1.14245467447486,3.15190638822838,1385,1.422,83,-0.2,-446,127030,"4.610,66","66,4",3431,15308,1245,17.7,"3.468.379"
2017,"ITC2","Valle d'Aosta",29.36,15.42,0.06,1.85,5.69,0.04,1272.18559038404,2.33383149562937,193.282577208862,3.86331346934402,190.690839508566,3.46533215001416,1.19103943705263,3.20683990501874,1454,1.35592,82.8,-1.1,-681,126677,"4.776,15","67,1",3347,15251,1168,15.7,"3.599.402"
2018,"ITC2","Valle d'Aosta",30.15,15.47,0.08,1.94,5.3,0.03,1869.97727488961,1.13000997409348,504.53700010905,1.68275225155695,161.644192348023,1.3389005699392,1.11456877340369,3.85150657917609,1477,1.38873,82.3,0.3,-536,126213,"4.823,93","67,9",3172,15286,1164,16.1,"3.606.289"
2019,"ITC2","Valle d'Aosta",32.27,16.51,0.09,2.1,5.56,0.03,1720.22162281783,1.26986909658064,486.441876182458,3.32135544729729,187.951164952231,10.195166440014,1.19025535519422,3.31720341995361,1392,1.31,83.6,-0.5,-619,125653,"4.860,99","68,4",2995,15147,1154,14.7,"3.625.616"
2020,"ITC2","Valle d'Aosta",32.08,15.75,0.07,2.19,5.64,0.03,1360.07997650182,0.20083508549088,281.036422953486,2.29655460119672,178.147529265714,3.33413064678011,1.11798053683658,3.90235599442445,1814,1.23125,81.4,0.7,-945,125034,"4.458,79","67,2",2876,15015,1166,16.9,"2.194.589"
2021,"ITC2","Valle d'Aosta",39.29,18.23,0.06,1.83,4.8,0.03,1509.96753371625,0.199343136333969,301.796595978828,2.94972365255828,193.753024764828,0.266588584847262,1.13475056104582,2.83113176426883,1503,1.20617,83,0.2,-729,124089,"4.788,34","66,5",2699,14790,1198,18,"1.893.178"
2022,"ITC2","Valle d'Aosta",37.92,17.86,0.04,2.47,4.59,0.03,1107.05856263975,7.20411813495544,158.280867573916,5.64354420851243,167.693832288939,6.2639000310874,1.13413641445615,4.47301138074045,1530,1.27217,82.4,4.2,-230,123360,"5.416,03","69,8",2666,17507,1153,15.3,"3.327.231"
2023,"ITC2","Valle d'Aosta",35.46,16.52,0.04,2.06,4.08,0.03,1491.0124623086,3.53287674967819,275.916184974978,3.14008318859284,167.490015842865,9.80035898138089,1.16536698812485,4.25932780313536,NA,1.17221,NA,NA,NA,123130,"5.697,75","71,8",NA,NA,NA,9.9,"3.692.878"
2000,"ITH3","Veneto",932.7,201.4,701.7,30.9,12.6,327,1336.19625588349,2.63932142414775,407.819696815832,3.54464049426972,63.9951476095601,0.347108816136809,1.82251759728309,11.4052194938602,41958,1.22,80.5,4.9,23521,4485059,"111.462,37","62,8",119988,502716,110021,9,NA
2001,"ITH3","Veneto",971.9,240.4,701,36.7,9.3,332.9,1115.81886162462,0.379379695399513,115.052379137998,7.4699819346003,67.5668817611421,0,1.86432240429028,11.079495569282,40972,1.2,81.1,NA,NA,4508580,"115.852,9","63,7",122509,513452,109833,8.8,NA
2002,"ITH3","Veneto",992.7,235.2,753,31.7,11.1,372.3,1593.17451926465,2.92723589111185,443.882408295562,5.57787609499738,60.8824844513029,0,1.86895462406509,11.40048944649,42334,1.2449,81,NA,34892,4527599,"118.510,66","63,9",125367,517459,111965,8.2,NA
2003,"ITH3","Veneto",1001.3,218.1,717.4,25.5,8.9,370.1,956.838301691932,7.06514058952827,213.12267651484,4.35604212154225,78.4787030206689,9.90407134714444,1.93443420863101,11.5006049261747,43787,1.25727,80.9,NA,60002,4562491,"124.456,1","64,7",128582,521696,113444,8,NA
2004,"ITH3","Veneto",NA,NA,NA,NA,NA,395.9,1328.28799393703,0.108858290078396,312.493764698696,4.67201817550385,69.9146079561283,0,1.91222182168689,10.8952785989767,41757,1.36491,81.5,NA,52441,4622493,"130.872,79","64,4",131684,532421,116888,10.6,"54.559.238"
2005,"ITH3","Veneto",NA,NA,NA,NA,NA,378.3,1174.71702073962,2.83796239376567,261.626007899111,7.03280636606156,84.1640248020088,0.217802964350521,1.85754208793799,10.4577521919067,42931,1.35949,81.6,NA,34834,4674934,"134.642,46","64,6",133059,540958,118604,11.8,"56.725.302"
2006,"ITH3","Veneto",NA,NA,NA,NA,NA,388.6,960.712100498073,3.31442572445526,167.618734350846,6.03938409453923,69.4658703769117,3.53430458679995,1.79420953131952,11.3330219444522,42118,1.40338,82.1,NA,29599,4709768,"139.534,19","65,3",134258,552566,117203,11.1,"59.359.084"
2007,"ITH3","Veneto",970.1,210.3,736.7,30.7,9.1,402.6,1102.50157899161,1.65738315208132,240.31005501184,3.10484970156453,52.6444987226695,3.70867983556615,1.84948206395562,11.8486120438296,43501,1.43942,82.2,NA,56695,4739367,"145.539,19","65,7",134974,572268,118756,10.1,"61.529.573"
2008,"ITH3","Veneto",964.36,208.54,NA,31.09,9.55,NA,1527.9660228363,0.44030871077717,334.117809517395,3.99725794009181,58.1433954224322,0,1.87655250250761,11.56482335696,44778,1.48596,82.3,NA,48277,4796062,"145.759,59","66,4",136145,580780,116162,10.7,"60.607.073"
2009,"ITH3","Veneto",929.84,213.84,728.49,29.83,9.56,NA,1336.70192391838,0.183809940272055,361.75695804464,7.23906308455776,62.9382093441375,0.201983896055507,1.92281176173494,11.6972436602205,44382,1.48384,82.7,NA,19033,4844339,"140.459,48","64,6",136801,586877,112945,12.4,"60.444.395"
2010,"ITH3","Veneto",859.92,192.16,740.68,30.52,9.79,349.32,1715.13712455401,0,472.326252035918,6.65947266199806,69.7586255319353,1.35586090235411,1.91504439971287,10.7841945100858,44944,1.48704,82.9,NA,16234,4863372,"143.256,79","64,4",138947,591436,108907,15.2,"60.820.311"
2011,"ITH3","Veneto",869.85,195.77,742.71,30.34,9.56,348.28,1089.33727404492,0.891848672087155,310.269156579049,5.08138665609845,61.2391371497159,5.31348111205196,1.78990868388479,11.990576387863,45228,1.47136,83.1,NA,7722,4879606,"148.113,33","64,9",139379,596417,115703,15.2,"63.401.304"
2012,"ITH3","Veneto",864.11,229.71,664.45,39.76,7.13,373.82,1273.20804364278,3.3355959324712,313.084451711696,6.50570781700067,75.2764599488406,4.71248867368423,1.94110221386616,11.6435269538545,47040,1.47789,83,3.4,14087,4887328,"145.472,24","64,9",140191,601836,114616,16.4,"62.352.831"
2013,"ITH3","Veneto",835.79,206.79,596.21,47.76,15.79,NA,1541.0138706711,0.288030101677186,353.883352619773,3.91585257130586,56.7452278216284,3.70533105928304,1.8899996533509,11.4453337537295,46337,1.42871,83.4,1.8,4297,4901415,"145.522,41","63,1",139187,604888,109175,18.2,"61.536.258"
2014,"ITH3","Veneto",832.7,185.2,718.04,46.12,13.7,336.04,1804.85605790793,0.250620286008604,473.959195599933,7.86535202728802,38.2679896817255,0.251113430377774,1.78265848612788,12.3925650255676,45955,1.42068,83.8,1.2,778,4905712,"147.834,5","63,7",NA,606886,112845,16.8,"61.863.257"
2015,"ITH3","Veneto",831.3,184.51,716.58,51.16,17.9,296.93,1028.91383077408,0.474061198116424,178.888893739018,9.0017933848102,51.7768036659291,9.01668652212755,1.87036323969959,12.2179034918331,49561,1.39438,83.3,-0.4,-12473,4902694,"150.835,81","63,6",NA,609086,110078,17,"63.257.174"
2016,"ITH3","Veneto",852.03,182.98,719.52,52.4,21.09,308.84,1364.16059507332,0.488794768862032,263.994468307193,5.5537401083808,57.4114777832968,0.0540220295616066,1.88558844068901,11.7817804524314,47856,1.38764,83.9,0.5,-7594,4890648,"155.761,76","64,7",131257,603911,115955,15.6,"65.392.359"
2017,"ITH3","Veneto",836.85,163.44,709.81,48.14,19.94,277.7,1249.71537843817,0.937836919043402,343.091908707598,5.16537838891723,65.3429362875468,4.02887573540573,1.88584848054181,11.7523555076921,49447,1.36698,83.9,2.1,-2492,4883373,"159.951,7","66,0",126586,612071,115256,15.2,"69.184.094"
2018,"ITH3","Veneto",834.61,153.52,715.52,49.26,18.36,273.2,1308.81362012884,0.0179250947980673,230.708574649596,5.58281611424319,55.5156679599918,3.41730099199818,1.8574279416072,12.3212758883506,49136,1.34451,84,3,817,4880936,"163.005,64","66,6",122693,610957,116439,14.8,"69.229.094"
2019,"ITH3","Veneto",826.5,146.22,717.56,52.28,23.95,292.54,1583.55405278485,0.786284337857205,493.653738706018,8.01837748049591,55.1105092114091,2.64348608479433,1.91603099499083,12.2148082807822,48900,1.29,84.3,2,-5457,4884590,"166.071,92","67,5",117782,608594,118831,12.4,"71.236.630"
2020,"ITH3","Veneto",825.21,145.14,722.13,54.74,24.22,280.7,1403.50311147989,0.899502825741497,475.331773627379,6.92135930154547,56.367014438708,0.542910776165193,1.85267099775549,12.0047615695668,57337,1.27686,83.1,3.2,-9303,4879133,"152.345,49","65,9",114713,602395,121845,14.5,"32.491.951"
2021,"ITH3","Veneto",802.79,140,704.16,59.18,26.4,285.49,1211.75682084092,0.310904264887422,266.992507663231,5.97865675069121,66.243102220819,0.329495379195705,1.89527313146849,11.2717734011649,53515,1.2976,83.6,-0.3,-22085,4869830,"170.043,36","65,7",107442,593842,125943,13.9,"50.637.854"
2022,"ITH3","Veneto",777.49,164.34,733.16,70.09,27.98,289.77,1004.15379077631,5.14096979287359,176.795675405854,9.68511626371796,57.538606464594,4.30707836177151,1.82543060752189,12.5229307464203,55472,1.26558,83.5,5.3,1808,4847745,"184.072,38","67,8",106291,588393,130946,13.1,"65.920.522"
2023,"ITH3","Veneto",765.24,148.35,808.95,68.93,26.62,296.94,1284.28438228727,0,279.778744740437,7.07236635147029,50.8614931851261,6.71895006819445,1.85850851640449,12.5170773825029,NA,1.21411,NA,NA,NA,4849553,"197.137,46","70,4",NA,NA,NA,10.5,"71.896.863"
